,접수번호,보고서코드,사업연도,고유번호,재무제표구분,재무제표명,계정ID,계정명,계정상세,당기명,당기금액,당기누적금액,전기명,전기금액,전기명(분/반기),전기금액(분/반기),전기누적금액,전전기명,전전기금액,계정과목정렬순서
0,2.01706E+13,11011,2016,164478,BS,재무상태표,ifrs_CurrentAssets,유동자산,-,제 67 기,8.92299E+12,,제 66 기,8.40915E+12,,,,제 65 기,8.4018E+12,1
1,2.01706E+13,11011,2016,164478,BS,재무상태표,ifrs_CashAndCashEquivalents,현금및현금성자산,-,제 67 기,1.37471E+12,,제 66 기,1.08911E+12,,,,제 65 기,1.03123E+12,2
2,2.01706E+13,11011,2016,164478,BS,재무상태표,-표준계정코드 미사용-,단기금융상품,-,제 67 기,1.72751E+11,,제 66 기,1.09656E+11,,,,제 65 기,80122000000,3
3,2.01706E+13,11011,2016,164478,BS,재무상태표,ifrs_TradeAndOtherCurrentReceivables,매출채권,-,제 67 기,1.14559E+12,,제 66 기,1.15428E+12,,,,제 65 기,1.21871E+12,4
4,2.01706E+13,11011,2016,164478,BS,재무상태표,-표준계정코드 미사용-,기타채권,-,제 67 기,1.62008E+12,,제 66 기,1.49655E+12,,,,제 65 기,1.2768E+12,5
5,2.01706E+13,11011,2016,164478,BS,재무상태표,-표준계정코드 미사용-,미청구공사,-,제 67 기,2.31167E+12,,제 66 기,2.47862E+12,,,,제 65 기,2.95602E+12,6
6,2.01706E+13,11011,2016,164478,BS,재무상태표,-표준계정코드 미사용-,만기보유금융자산,-,제 67 기,2.66494E+11,,제 66 기,64606000000,,,,제 65 기,22533000000,7
7,2.01706E+13,11011,2016,164478,BS,재무상태표,-표준계정코드 미사용-,파생상품자산,-,제 67 기,,,제 66 기,,,,,제 65 기,11000000,8
8,2.01706E+13,11011,2016,164478,BS,재무상태표,ifrs_Inventories,재고자산,-,제 67 기,7.27842E+11,,제 66 기,8.35142E+11,,,,제 65 기,9.79048E+11,9
9,2.01706E+13,11011,2016,164478,BS,재무상태표,-표준계정코드 미사용-,기타유동자산,-,제 67 기,1.30386E+12,,제 66 기,1.18119E+12,,,,제 65 기,8.37322E+11,10
10,2.01706E+13,11011,2016,164478,BS,재무상태표,ifrs_NoncurrentAssets,비유동자산,-,제 67 기,3.69827E+12,,제 66 기,4.07831E+12,,,,제 65 기,3.77928E+12,11
11,2.01706E+13,11011,2016,164478,BS,재무상태표,-표준계정코드 미사용-,장기금융상품,-,제 67 기,1.08384E+11,,제 66 기,1.01373E+11,,,,제 65 기,3690000000,12
12,2.01706E+13,11011,2016,164478,BS,재무상태표,-표준계정코드 미사용-,장기미수채권,-,제 67 기,3.99995E+11,,제 66 기,3.87914E+11,,,,제 65 기,3.63819E+11,13
13,2.01706E+13,11011,2016,164478,BS,재무상태표,-표준계정코드 미사용-,장기성기타채권,-,제 67 기,4.84711E+11,,제 66 기,6.93067E+11,,,,제 65 기,4.4863E+11,14
14,2.01706E+13,11011,2016,164478,BS,재무상태표,-표준계정코드 미사용-,매도가능금융자산,-,제 67 기,2.37315E+11,,제 66 기,3.95176E+11,,,,제 65 기,4.35652E+11,15
15,2.01706E+13,11011,2016,164478,BS,재무상태표,-표준계정코드 미사용-,만기보유금융자산,-,제 67 기,30388000000,,제 66 기,42480000000,,,,제 65 기,53681000000,16
16,2.01706E+13,11011,2016,164478,BS,재무상태표,ifrs_InvestmentsInSubsidiariesJointVenturesAndAssociates,"종속기업,공동기업및관계기업투자자산",-,제 67 기,1.41821E+12,,제 66 기,1.43961E+12,,,,제 65 기,1.44664E+12,17
17,2.01706E+13,11011,2016,164478,BS,재무상태표,ifrs_InvestmentProperty,투자부동산,-,제 67 기,4.2102E+11,,제 66 기,3.9967E+11,,,,제 65 기,3.96926E+11,18
18,2.01706E+13,11011,2016,164478,BS,재무상태표,ifrs_PropertyPlantAndEquipment,유형자산,-,제 67 기,4.0643E+11,,제 66 기,3.79182E+11,,,,제 65 기,3.49939E+11,19
19,2.01706E+13,11011,2016,164478,BS,재무상태표,ifrs_IntangibleAssetsOtherThanGoodwill,무형자산,-,제 67 기,28647000000,,제 66 기,29837000000,,,,제 65 기,29876000000,20
20,2.01706E+13,11011,2016,164478,BS,재무상태표,ifrs_DeferredTaxAssets,이연법인세자산,-,제 67 기,58837000000,,제 66 기,84959000000,,,,제 65 기,1.49323E+11,21
21,2.01706E+13,11011,2016,164478,BS,재무상태표,-표준계정코드 미사용-,기타비유동자산,-,제 67 기,1.04333E+11,,제 66 기,1.25048E+11,,,,제 65 기,1.01096E+11,22
22,2.01706E+13,11011,2016,164478,BS,재무상태표,ifrs_Assets,자산총계,-,제 67 기,1.26213E+13,,제 66 기,1.24875E+13,,,,제 65 기,1.21811E+13,23
23,2.01706E+13,11011,2016,164478,BS,재무상태표,ifrs_CurrentLiabilities,유동부채,-,제 67 기,5.2492E+12,,제 66 기,5.16175E+12,,,,제 65 기,5.16763E+12,25
24,2.01706E+13,11011,2016,164478,BS,재무상태표,ifrs_TradeAndOtherCurrentPayables,매입채무,-,제 67 기,1.31782E+12,,제 66 기,1.35744E+12,,,,제 65 기,1.74139E+12,26
25,2.01706E+13,11011,2016,164478,BS,재무상태표,-표준계정코드 미사용-,기타채무,-,제 67 기,1.08583E+12,,제 66 기,9.06669E+11,,,,제 65 기,6.80319E+11,27
26,2.01706E+13,11011,2016,164478,BS,재무상태표,-표준계정코드 미사용-,공사및분양선수금,-,제 67 기,1.08802E+12,,제 66 기,1.33278E+12,,,,제 65 기,1.28312E+12,28
27,2.01706E+13,11011,2016,164478,BS,재무상태표,-표준계정코드 미사용-,초과청구공사,-,제 67 기,1.28805E+12,,제 66 기,1.20405E+12,,,,제 65 기,8.56301E+11,29
28,2.01706E+13,11011,2016,164478,BS,재무상태표,dart_ShortTermBorrowings,단기차입금,-,제 67 기,49320000000,,제 66 기,1.18044E+11,,,,제 65 기,2.3209E+11,30
29,2.01706E+13,11011,2016,164478,BS,재무상태표,ifrs_CurrentPortionOfLongtermBorrowings,유동성장기부채,-,제 67 기,3.00284E+11,,제 66 기,2.10267E+11,,,,제 65 기,2.73826E+11,31
30,2.01706E+13,11011,2016,164478,BS,재무상태표,ifrs_CurrentTaxLiabilities,법인세부채,-,제 67 기,67540000000,,제 66 기,,,,,제 65 기,,33
31,2.01706E+13,11011,2016,164478,BS,재무상태표,ifrs_OtherCurrentFinancialLiabilities,기타금융부채,-,제 67 기,11424000000,,제 66 기,14711000000,,,,제 65 기,15488000000,34
32,2.01706E+13,11011,2016,164478,BS,재무상태표,-표준계정코드 미사용-,기타유동부채,-,제 67 기,40911000000,,제 66 기,17782000000,,,,제 65 기,85090000000,35
33,2.01706E+13,11011,2016,164478,BS,재무상태표,ifrs_NoncurrentLiabilities,비유동부채,-,제 67 기,1.90621E+12,,제 66 기,2.19814E+12,,,,제 65 기,2.20028E+12,36
34,2.01706E+13,11011,2016,164478,BS,재무상태표,-표준계정코드 미사용-,장기성기타채무,-,제 67 기,2.86279E+11,,제 66 기,3.74116E+11,,,,제 65 기,3.21969E+11,37
35,2.01706E+13,11011,2016,164478,BS,재무상태표,-표준계정코드 미사용-,사채,-,제 67 기,1.18719E+12,,제 66 기,1.287E+12,,,,제 65 기,1.1471E+12,38
36,2.01706E+13,11011,2016,164478,BS,재무상태표,dart_LongTermBorrowingsGross,장기차입금,-,제 67 기,7493000000,,제 66 기,7875000000,,,,제 65 기,33715000000,39
37,2.01706E+13,11011,2016,164478,BS,재무상태표,dart_PostemploymentBenefitObligations,퇴직급여채무,-,제 67 기,,,제 66 기,1.32269E+11,,,,제 65 기,2.82516E+11,40
38,2.01706E+13,11011,2016,164478,BS,재무상태표,-표준계정코드 미사용-,장기종업원급여충당부채,-,제 67 기,10277000000,,제 66 기,9401000000,,,,제 65 기,11601000000,41
39,2.01706E+13,11011,2016,164478,BS,재무상태표,ifrs_NoncurrentProvisions,충당부채,-,제 67 기,3.29666E+11,,제 66 기,3.02479E+11,,,,제 65 기,3.26774E+11,42
40,2.01706E+13,11011,2016,164478,BS,재무상태표,-표준계정코드 미사용-,기타비유동부채,-,제 67 기,16510000000,,제 66 기,20586000000,,,,제 65 기,17191000000,43
41,2.01706E+13,11011,2016,164478,BS,재무상태표,ifrs_OtherNoncurrentFinancialLiabilities,기타금융부채,-,제 67 기,68797000000,,제 66 기,64411000000,,,,제 65 기,59409000000,44
42,2.01706E+13,11011,2016,164478,BS,재무상태표,ifrs_Liabilities,부채총계,-,제 67 기,7.15541E+12,,제 66 기,7.35988E+12,,,,제 65 기,7.36791E+12,45
43,2.01706E+13,11011,2016,164478,BS,재무상태표,dart_ContributedEquity,납입자본,-,제 67 기,5.57273E+11,,제 66 기,5.57273E+11,,,,제 65 기,5.57273E+11,47
44,2.01706E+13,11011,2016,164478,BS,재무상태표,-표준계정코드 미사용-,기타불입자본,-,제 67 기,8.28181E+11,,제 66 기,8.28181E+11,,,,제 65 기,8.28181E+11,48
45,2.01706E+13,11011,2016,164478,BS,재무상태표,dart_ElementsOfOtherStockholdersEquity,기타자본구성요소,-,제 67 기,91268000000,,제 66 기,37300000000,,,,제 65 기,810000000,49
46,2.01706E+13,11011,2016,164478,BS,재무상태표,ifrs_RetainedEarnings,이익잉여금,-,제 67 기,3.98912E+12,,제 66 기,3.70482E+12,,,,제 65 기,3.42691E+12,50
47,2.01706E+13,11011,2016,164478,BS,재무상태표,ifrs_Equity,자본총계,-,제 67 기,5.46584E+12,,제 66 기,5.12758E+12,,,,제 65 기,4.81317E+12,51
48,2.01706E+13,11011,2016,164478,BS,재무상태표,ifrs_EquityAndLiabilities,부채및자본총계,-,제 67 기,1.26213E+13,,제 66 기,1.24875E+13,,,,제 65 기,1.21811E+13,52
49,2.01706E+13,11011,2016,164478,CIS,포괄손익계산서,ifrs_Revenue,매출액,-,제 67 기,1.10411E+13,,제 66 기,1.07163E+13,,,,제 65 기,1.06671E+13,0
50,2.01706E+13,11011,2016,164478,CIS,포괄손익계산서,ifrs_CostOfSales,매출원가,-,제 67 기,1.00117E+13,,제 66 기,9.80321E+12,,,,제 65 기,9.91554E+12,1
51,2.01706E+13,11011,2016,164478,CIS,포괄손익계산서,ifrs_GrossProfit,매출총이익,-,제 67 기,1.02939E+12,,제 66 기,9.13126E+11,,,,제 65 기,7.51522E+11,2
52,2.01706E+13,11011,2016,164478,CIS,포괄손익계산서,dart_TotalSellingGeneralAdministrativeExpenses,판매비와관리비,-,제 67 기,4.39673E+11,,제 66 기,3.9696E+11,,,,제 65 기,3.8128E+11,3
53,2.01706E+13,11011,2016,164478,CIS,포괄손익계산서,dart_OperatingIncomeLoss,영업이익,-,제 67 기,5.89718E+11,,제 66 기,5.16166E+11,,,,제 65 기,3.70242E+11,4
54,2.01706E+13,11011,2016,164478,CIS,포괄손익계산서,ifrs_FinanceIncome,금융수익,-,제 67 기,1.60299E+11,,제 66 기,2.17172E+11,,,,제 65 기,1.64305E+11,5
55,2.01706E+13,11011,2016,164478,CIS,포괄손익계산서,ifrs_FinanceCosts,금융비용,-,제 67 기,1.86447E+11,,제 66 기,2.09019E+11,,,,제 65 기,1.27994E+11,6
56,2.01706E+13,11011,2016,164478,CIS,포괄손익계산서,dart_OtherGains,기타수익,-,제 67 기,1.58502E+11,,제 66 기,1.18918E+11,,,,제 65 기,1.29971E+11,7
57,2.01706E+13,11011,2016,164478,CIS,포괄손익계산서,dart_OtherLosses,기타비용,-,제 67 기,2.80728E+11,,제 66 기,2.22393E+11,,,,제 65 기,2.14623E+11,8
58,2.01706E+13,11011,2016,164478,CIS,포괄손익계산서,ifrs_ProfitLossBeforeTax,법인세비용차감전순이익,-,제 67 기,4.41344E+11,,제 66 기,4.20844E+11,,,,제 65 기,3.21901E+11,9
59,2.01706E+13,11011,2016,164478,CIS,포괄손익계산서,ifrs_IncomeTaxExpenseContinuingOperations,법인세비용,-,제 67 기,1.18211E+11,,제 66 기,1.10087E+11,,,,제 65 기,98323000000,10
60,2.01706E+13,11011,2016,164478,CIS,포괄손익계산서,ifrs_ProfitLoss,당기순이익,-,제 67 기,3.23133E+11,,제 66 기,3.10757E+11,,,,제 65 기,2.23578E+11,11
61,2.01706E+13,11011,2016,164478,CIS,포괄손익계산서,ifrs_OtherComprehensiveIncome,법인세차감후 기타포괄이익(손실),-,제 67 기,70862000000,,제 66 기,59382000000,,,,제 65 기,2337000000,12
62,2.01706E+13,11011,2016,164478,CIS,포괄손익계산서,dart_OtherComprehensiveIncomeThatWillNotBeReclassifiedToProfitOrLossNetOfTax,후속적으로 당기손익으로 재분류되지 않는 항목,-,제 67 기,16894000000,,제 66 기,22892000000,,,,제 65 기,-27825000000,13
63,2.01706E+13,11011,2016,164478,CIS,포괄손익계산서,dart_OtherComprehensiveIncomeNetOfTaxGainsLossesOnRemeasurementsOfDefinedBenefitPlans,확정급여제도의재측정요소,-,제 67 기,16894000000,,제 66 기,22892000000,,,,제 65 기,-27825000000,14
64,2.01706E+13,11011,2016,164478,CIS,포괄손익계산서,dart_OtherComprehensiveIncomeThatWillBeReclassifiedToProfitOrLossNetOfTax,후속적으로 당기손익으로 재분류 될 수 있는 항목,-,제 67 기,53968000000,,제 66 기,36490000000,,,,제 65 기,30162000000,15
65,2.01706E+13,11011,2016,164478,CIS,포괄손익계산서,ifrs_OtherComprehensiveIncomeNetOfTaxAvailableforsaleFinancialAssets,매도가능금융자산평가이익(손실),-,제 67 기,608000000,,제 66 기,-7500000000,,,,제 65 기,-2237000000,16
66,2.01706E+13,11011,2016,164478,CIS,포괄손익계산서,ifrs_OtherComprehensiveIncomeNetOfTaxExchangeDifferencesOnTranslation,해외사업환산이익(손실),-,제 67 기,53360000000,,제 66 기,43990000000,,,,제 65 기,32399000000,17
67,2.01706E+13,11011,2016,164478,CIS,포괄손익계산서,ifrs_ComprehensiveIncome,당기총포괄이익,-,제 67 기,3.93995E+11,,제 66 기,3.70139E+11,,,,제 65 기,2.25915E+11,18
68,2.01706E+13,11011,2016,164478,CIS,포괄손익계산서,ifrs_BasicEarningsLossPerShare,보통주 기본주당순이익(단위:원),-,제 67 기,2899,,제 66 기,2788,,,,제 65 기,2006,20
69,2.01706E+13,11011,2016,164478,CIS,포괄손익계산서,-표준계정코드 미사용-,구형우선주 기본주당순이익(단위:원),-,제 67 기,2973000000,,제 66 기,2861000000,,,,제 65 기,2071000000,21
70,2.01706E+13,11011,2016,164478,CF,현금흐름표,ifrs_CashFlowsFromUsedInOperatingActivities,영업활동현금흐름,-,제 67 기,6.05066E+11,,제 66 기,5.02153E+11,,,,제 65 기,1.01169E+11,0
71,2.01706E+13,11011,2016,164478,CF,현금흐름표,-표준계정코드 미사용-,영업활동에서 창출된 현금흐름,-,제 67 기,6.20425E+11,,제 66 기,5.2797E+11,,,,제 65 기,1.79471E+11,1
72,2.01706E+13,11011,2016,164478,CF,현금흐름표,-표준계정코드 미사용-,당기순이익,-,제 67 기,3.23133E+11,,제 66 기,3.10757E+11,,,,제 65 기,2.23578E+11,2
73,2.01706E+13,11011,2016,164478,CF,현금흐름표,-표준계정코드 미사용-,현금의 유출이 없는 비용 등의 가산,-,제 67 기,7.14768E+11,,제 66 기,6.15748E+11,,,,제 65 기,4.93771E+11,3
74,2.01706E+13,11011,2016,164478,CF,현금흐름표,-표준계정코드 미사용-,현금의 유입이 없는 수익 등의 차감,-,제 67 기,-2.51708E+11,,제 66 기,-3.10731E+11,,,,제 65 기,-2.57242E+11,4
75,2.01706E+13,11011,2016,164478,CF,현금흐름표,-표준계정코드 미사용-,영업활동으로 인한 자산 부채의 변동,-,제 67 기,-1.65768E+11,,제 66 기,-87804000000,,,,제 65 기,-2.80636E+11,5
76,2.01706E+13,11011,2016,164478,CF,현금흐름표,-표준계정코드 미사용-,매출채권의 감소(증가),-,제 67 기,-33031000000,,제 66 기,47060000000,,,,제 65 기,-1.84084E+11,6
77,2.01706E+13,11011,2016,164478,CF,현금흐름표,-표준계정코드 미사용-,기타채권의 감소(증가),-,제 67 기,-75691000000,,제 66 기,-3.08054E+11,,,,제 65 기,-62753000000,7
78,2.01706E+13,11011,2016,164478,CF,현금흐름표,-표준계정코드 미사용-,미청구공사의 감소(증가),-,제 67 기,1.9375E+11,,제 66 기,4.68701E+11,,,,제 65 기,1.30255E+11,8
79,2.01706E+13,11011,2016,164478,CF,현금흐름표,-표준계정코드 미사용-,재고자산의 감소(증가),-,제 67 기,2.03653E+11,,제 66 기,1.49782E+11,,,,제 65 기,87423000000,9
80,2.01706E+13,11011,2016,164478,CF,현금흐름표,-표준계정코드 미사용-,기타유동자산의 감소(증가),-,제 67 기,-2.07741E+11,,제 66 기,-3.65884E+11,,,,제 65 기,-1.04983E+11,10
81,2.01706E+13,11011,2016,164478,CF,현금흐름표,-표준계정코드 미사용-,장기성기타채권의 감소(증가),-,제 67 기,1.63208E+11,,제 66 기,-1.52579E+11,,,,제 65 기,-1.05905E+11,11
82,2.01706E+13,11011,2016,164478,CF,현금흐름표,-표준계정코드 미사용-,파생상품자산의 감소(증가),-,제 67 기,,,제 66 기,11000000,,,,제 65 기,4000000,12
83,2.01706E+13,11011,2016,164478,CF,현금흐름표,-표준계정코드 미사용-,매입채무의 증가(감소),-,제 67 기,-41935000000,,제 66 기,-3.84858E+11,,,,제 65 기,-1.11671E+11,13
84,2.01706E+13,11011,2016,164478,CF,현금흐름표,-표준계정코드 미사용-,기타채무의 증가(감소),-,제 67 기,1.11081E+11,,제 66 기,1.75034E+11,,,,제 65 기,-2.44992E+11,14
85,2.01706E+13,11011,2016,164478,CF,현금흐름표,-표준계정코드 미사용-,공사및분양선수금의 증가(감소),-,제 67 기,-2.44754E+11,,제 66 기,49656000000,,,,제 65 기,53143000000,15
86,2.01706E+13,11011,2016,164478,CF,현금흐름표,-표준계정코드 미사용-,초과청구공사의 증가(감소),-,제 67 기,92517000000,,제 66 기,3.89096E+11,,,,제 65 기,2.07749E+11,16
87,2.01706E+13,11011,2016,164478,CF,현금흐름표,-표준계정코드 미사용-,기타유동부채의 증가(감소),-,제 67 기,302000000,,제 66 기,1499000000,,,,제 65 기,3656000000,17
88,2.01706E+13,11011,2016,164478,CF,현금흐름표,-표준계정코드 미사용-,장기성기타채무의 증가(감소),-,제 67 기,-1.2485E+11,,제 66 기,1.01144E+11,,,,제 65 기,80721000000,18
89,2.01706E+13,11011,2016,164478,CF,현금흐름표,-표준계정코드 미사용-,충당부채의 감소,-,제 67 기,-74317000000,,제 66 기,-1.24338E+11,,,,제 65 기,-54907000000,19
90,2.01706E+13,11011,2016,164478,CF,현금흐름표,-표준계정코드 미사용-,퇴직급여채무의 증가(감소),-,제 67 기,-1.69757E+11,,제 66 기,-1.78706E+11,,,,제 65 기,-21730000000,20
91,2.01706E+13,11011,2016,164478,CF,현금흐름표,-표준계정코드 미사용-,장기종업원급여충당부채의 증가(감소),-,제 67 기,-1346000000,,제 66 기,-1419000000,,,,제 65 기,-1186000000,21
92,2.01706E+13,11011,2016,164478,CF,현금흐름표,-표준계정코드 미사용-,기타자본구성요소의 증가(감소),-,제 67 기,43143000000,,제 66 기,46051000000,,,,제 65 기,48624000000,23
93,2.01706E+13,11011,2016,164478,CF,현금흐름표,ifrs_InterestReceivedClassifiedAsOperatingActivities,이자수취,-,제 67 기,48146000000,,제 66 기,44156000000,,,,제 65 기,39778000000,24
94,2.01706E+13,11011,2016,164478,CF,현금흐름표,ifrs_DividendsReceivedClassifiedAsOperatingActivities,배당금수취,-,제 67 기,36315000000,,제 66 기,42826000000,,,,제 65 기,59456000000,25
95,2.01706E+13,11011,2016,164478,CF,현금흐름표,ifrs_InterestPaidClassifiedAsOperatingActivities,이자지급,-,제 67 기,52713000000,,제 66 기,58288000000,,,,제 65 기,63326000000,26
96,2.01706E+13,11011,2016,164478,CF,현금흐름표,ifrs_IncomeTaxesPaidRefundClassifiedAsOperatingActivities,법인세납부,-,제 67 기,47107000000,,제 66 기,54511000000,,,,제 65 기,1.1421E+11,27
97,2.01706E+13,11011,2016,164478,CF,현금흐름표,ifrs_CashFlowsFromUsedInInvestingActivities,투자활동현금흐름,-,제 67 기,-1.96804E+11,,제 66 기,-3.33325E+11,,,,제 65 기,-41685000000,28
98,2.01706E+13,11011,2016,164478,CF,현금흐름표,-표준계정코드 미사용-,투자활동으로 인한 현금유입액,-,제 67 기,3.68006E+11,,제 66 기,1.00669E+11,,,,제 65 기,2.09474E+11,29
99,2.01706E+13,11011,2016,164478,CF,현금흐름표,-표준계정코드 미사용-,단기금융상품의 감소,-,제 67 기,36905000000,,제 66 기,,,,,제 65 기,,30
100,2.01706E+13,11011,2016,164478,CF,현금흐름표,-표준계정코드 미사용-,기타채권의 감소,-,제 67 기,1.06586E+11,,제 66 기,25317000000,,,,제 65 기,29505000000,31
101,2.01706E+13,11011,2016,164478,CF,현금흐름표,-표준계정코드 미사용-,장기금융상품의 감소,-,제 67 기,7000000,,제 66 기,2577000000,,,,제 65 기,4276000000,32
102,2.01706E+13,11011,2016,164478,CF,현금흐름표,-표준계정코드 미사용-,장기성기타채권의 감소,-,제 67 기,6439000000,,제 66 기,22841000000,,,,제 65 기,,33
103,2.01706E+13,11011,2016,164478,CF,현금흐름표,-표준계정코드 미사용-,매도가능금융자산의 처분,-,제 67 기,1.4512E+11,,제 66 기,13538000000,,,,제 65 기,21322000000,34
104,2.01706E+13,11011,2016,164478,CF,현금흐름표,-표준계정코드 미사용-,만기보유금융자산의 처분,-,제 67 기,64606000000,,제 66 기,22533000000,,,,제 65 기,22471000000,35
105,2.01706E+13,11011,2016,164478,CF,현금흐름표,-표준계정코드 미사용-,"종속기업,공동기업및관계기업투자자산의 처분",-,제 67 기,4499000000,,제 66 기,3269000000,,,,제 65 기,26512000000,36
106,2.01706E+13,11011,2016,164478,CF,현금흐름표,-표준계정코드 미사용-,투자부동산의 처분,-,제 67 기,339000000,,제 66 기,,,,,제 65 기,21000000,37
107,2.01706E+13,11011,2016,164478,CF,현금흐름표,-표준계정코드 미사용-,유형자산의 처분,-,제 67 기,1505000000,,제 66 기,8154000000,,,,제 65 기,36051000000,38
108,2.01706E+13,11011,2016,164478,CF,현금흐름표,-표준계정코드 미사용-,무형자산의 처분,-,제 67 기,2000000000,,제 66 기,2440000000,,,,제 65 기,508000000,39
109,2.01706E+13,11011,2016,164478,CF,현금흐름표,-표준계정코드 미사용-,기타유동부채의 증가,-,제 67 기,,,제 66 기,,,,,제 65 기,68808000000,40
110,2.01706E+13,11011,2016,164478,CF,현금흐름표,-표준계정코드 미사용-,투자활동으로 인한 현금유출액,-,제 67 기,-5.6481E+11,,제 66 기,-4.33994E+11,,,,제 65 기,-2.51159E+11,41
111,2.01706E+13,11011,2016,164478,CF,현금흐름표,-표준계정코드 미사용-,단기금융상품의 증가,-,제 67 기,,,제 66 기,-29534000000,,,,제 65 기,-60123000000,42
112,2.01706E+13,11011,2016,164478,CF,현금흐름표,-표준계정코드 미사용-,기타채권의 증가,-,제 67 기,-32803000000,,제 66 기,-10668000000,,,,제 65 기,-13489000000,43
113,2.01706E+13,11011,2016,164478,CF,현금흐름표,-표준계정코드 미사용-,장기금융상품의 증가,-,제 67 기,-1.00044E+11,,제 66 기,-1.0026E+11,,,,제 65 기,,44
114,2.01706E+13,11011,2016,164478,CF,현금흐름표,-표준계정코드 미사용-,장기성기타채권의 증가,-,제 67 기,-37089000000,,제 66 기,-39988000000,,,,제 65 기,-11576000000,45
115,2.01706E+13,11011,2016,164478,CF,현금흐름표,-표준계정코드 미사용-,매도가능금융자산의 취득,-,제 67 기,-24320000000,,제 66 기,-1.12822E+11,,,,제 65 기,-24025000000,46
116,2.01706E+13,11011,2016,164478,CF,현금흐름표,-표준계정코드 미사용-,만기보유금융자산의 취득,-,제 67 기,-2.53477E+11,,제 66 기,-53405000000,,,,제 65 기,-6201000000,47
117,2.01706E+13,11011,2016,164478,CF,현금흐름표,-표준계정코드 미사용-,"종속기업,공동기업및관계기업투자자산의 취득",-,제 67 기,-22771000000,,제 66 기,-11797000000,,,,제 65 기,-43470000000,48
118,2.01706E+13,11011,2016,164478,CF,현금흐름표,-표준계정코드 미사용-,투자부동산의 취득,-,제 67 기,-139000000,,제 66 기,-118000000,,,,제 65 기,,49
119,2.01706E+13,11011,2016,164478,CF,현금흐름표,-표준계정코드 미사용-,유형자산의 취득,-,제 67 기,-93128000000,,제 66 기,-71964000000,,,,제 65 기,-89698000000,50
120,2.01706E+13,11011,2016,164478,CF,현금흐름표,-표준계정코드 미사용-,무형자산의 취득,-,제 67 기,-1039000000,,제 66 기,-3438000000,,,,제 65 기,-2577000000,51
121,2.01706E+13,11011,2016,164478,CF,현금흐름표,ifrs_CashFlowsFromUsedInFinancingActivities,재무활동현금흐름,-,제 67 기,-1.33159E+11,,제 66 기,-1.12419E+11,,,,제 65 기,-1.2922E+11,52
122,2.01706E+13,11011,2016,164478,CF,현금흐름표,-표준계정코드 미사용-,재무활동으로 인한 현금유입액,-,제 67 기,5.88935E+11,,제 66 기,9.74444E+11,,,,제 65 기,2.18313E+12,53
123,2.01706E+13,11011,2016,164478,CF,현금흐름표,-표준계정코드 미사용-,단기차입금의 차입,-,제 67 기,3.89811E+11,,제 66 기,6.25736E+11,,,,제 65 기,1.40654E+12,54
124,2.01706E+13,11011,2016,164478,CF,현금흐름표,-표준계정코드 미사용-,사채의 발행,-,제 67 기,1.99124E+11,,제 66 기,3.48708E+11,,,,제 65 기,3.48821E+11,55
125,2.01706E+13,11011,2016,164478,CF,현금흐름표,-표준계정코드 미사용-,장기차입금의 차입,-,제 67 기,,,제 66 기,,,,,제 65 기,4.27776E+11,56
126,2.01706E+13,11011,2016,164478,CF,현금흐름표,-표준계정코드 미사용-,재무활동으로 인한 현금유출액,-,제 67 기,-7.22094E+11,,제 66 기,-1.08686E+12,,,,제 65 기,-2.31235E+12,57
127,2.01706E+13,11011,2016,164478,CF,현금흐름표,-표준계정코드 미사용-,단기차입금의 상환,-,제 67 기,-4.55911E+11,,제 66 기,-7.6068E+11,,,,제 65 기,-1.35019E+12,58
128,2.01706E+13,11011,2016,164478,CF,현금흐름표,-표준계정코드 미사용-,유동성장기부채의 상환,-,제 67 기,-2.10451E+11,,제 66 기,-2.70451E+11,,,,제 65 기,-6.54972E+11,59
129,2.01706E+13,11011,2016,164478,CF,현금흐름표,-표준계정코드 미사용-,장기차입금의 상환,-,제 67 기,,,제 66 기,,,,,제 65 기,-2.51456E+11,60
130,2.01706E+13,11011,2016,164478,CF,현금흐름표,-표준계정코드 미사용-,배당금의 지급,-,제 67 기,-55732000000,,제 66 기,-55732000000,,,,제 65 기,-55732000000,61
131,2.01706E+13,11011,2016,164478,CF,현금흐름표,ifrs_IncreaseDecreaseInCashAndCashEquivalentsBeforeEffectOfExchangeRateChanges,현금및현금성자산의 증가,-,제 67 기,2.75103E+11,,제 66 기,56409000000,,,,제 65 기,-69736000000,62
132,2.01706E+13,11011,2016,164478,CF,현금흐름표,dart_CashAndCashEquivalentsAtBeginningOfPeriodCf,기초의 현금및현금성자산,-,제 67 기,1.08911E+12,,제 66 기,1.03123E+12,,,,제 65 기,1.10607E+12,63
133,2.01706E+13,11011,2016,164478,CF,현금흐름표,ifrs_EffectOfExchangeRateChangesOnCashAndCashEquivalents,현금및현금성자산의 환율변동으로인한 효과,-,제 67 기,10492000000,,제 66 기,1471000000,,,,제 65 기,-5100000000,64
134,2.01706E+13,11011,2016,164478,CF,현금흐름표,dart_CashAndCashEquivalentsAtEndOfPeriodCf,기말의 현금및현금성자산,-,제 67 기,1.37471E+12,,제 66 기,1.08911E+12,,,,제 65 기,1.03123E+12,65
135,2.01706E+13,11011,2016,164478,SCE,자본변동표,dart_EquityAtBeginningOfPeriod,기초자본,별도재무제표 [member],제 67 기,5.12758E+12,,제 66 기,4.81317E+12,,,,제 65 기,4.64299E+12,1
136,2.01706E+13,11011,2016,164478,SCE,자본변동표,dart_EquityAtBeginningOfPeriod,기초자본,자본 [member]|기타불입자본,제 67 기,8.28181E+11,,제 66 기,8.28181E+11,,,,제 65 기,8.28181E+11,1
137,2.01706E+13,11011,2016,164478,SCE,자본변동표,dart_EquityAtBeginningOfPeriod,기초자본,자본 [member]|기타자본구성요소,제 67 기,37300000000,,제 66 기,810000000,,,,제 65 기,-29352000000,1
138,2.01706E+13,11011,2016,164478,SCE,자본변동표,dart_EquityAtBeginningOfPeriod,기초자본,자본 [member]|이익잉여금,제 67 기,3.70482E+12,,제 66 기,3.42691E+12,,,,제 65 기,3.28689E+12,1
139,2.01706E+13,11011,2016,164478,SCE,자본변동표,dart_EquityAtBeginningOfPeriod,기초자본,자본 [member]|자본금 [member],제 67 기,5.57273E+11,,제 66 기,5.57273E+11,,,,제 65 기,5.57273E+11,1
140,2.01706E+13,11011,2016,164478,SCE,자본변동표,ifrs_DividendsPaid,배당금의지급,별도재무제표 [member],제 67 기,55732000000,,제 66 기,55732000000,,,,제 65 기,55732000000,3
141,2.01706E+13,11011,2016,164478,SCE,자본변동표,ifrs_DividendsPaid,배당금의지급,자본 [member]|이익잉여금,제 67 기,55732000000,,제 66 기,55732000000,,,,제 65 기,55732000000,3
142,2.01706E+13,11011,2016,164478,SCE,자본변동표,-표준계정코드 미사용-,당기순이익,별도재무제표 [member],제 67 기,3.23133E+11,,제 66 기,3.10757E+11,,,,제 65 기,2.23578E+11,4
143,2.01706E+13,11011,2016,164478,SCE,자본변동표,-표준계정코드 미사용-,당기순이익,자본 [member]|이익잉여금,제 67 기,3.23133E+11,,제 66 기,3.10757E+11,,,,제 65 기,2.23578E+11,4
144,2.01706E+13,11011,2016,164478,SCE,자본변동표,dart_GainOnValuationOfAvailableForSaleFinancialAssets,매도가능금융자산평가손익,별도재무제표 [member],제 67 기,608000000,,제 66 기,-7500000000,,,,제 65 기,-2237000000,5
145,2.01706E+13,11011,2016,164478,SCE,자본변동표,dart_GainOnValuationOfAvailableForSaleFinancialAssets,매도가능금융자산평가손익,자본 [member]|기타자본구성요소,제 67 기,608000000,,제 66 기,-7500000000,,,,제 65 기,-2237000000,5
146,2.01706E+13,11011,2016,164478,SCE,자본변동표,-표준계정코드 미사용-,해외사업환산손익,별도재무제표 [member],제 67 기,53360000000,,제 66 기,43990000000,,,,제 65 기,32399000000,6
147,2.01706E+13,11011,2016,164478,SCE,자본변동표,-표준계정코드 미사용-,해외사업환산손익,자본 [member]|기타자본구성요소,제 67 기,53360000000,,제 66 기,43990000000,,,,제 65 기,32399000000,6
148,2.01706E+13,11011,2016,164478,SCE,자본변동표,dart_GainsLossesOnActuarialValuation,확정급여제도의 재측정요소,별도재무제표 [member],제 67 기,16894000000,,제 66 기,22892000000,,,,제 65 기,-27825000000,7
149,2.01706E+13,11011,2016,164478,SCE,자본변동표,dart_GainsLossesOnActuarialValuation,확정급여제도의 재측정요소,자본 [member]|이익잉여금,제 67 기,16894000000,,제 66 기,22892000000,,,,제 65 기,-27825000000,7
150,2.01706E+13,11011,2016,164478,SCE,자본변동표,ifrs_ChangesInEquity,자본 증가(감소) 합계,별도재무제표 [member],제 67 기,3.38263E+11,,제 66 기,3.14407E+11,,,,제 65 기,1.70183E+11,8
151,2.01706E+13,11011,2016,164478,SCE,자본변동표,ifrs_ChangesInEquity,자본 증가(감소) 합계,자본 [member]|기타자본구성요소,제 67 기,53968000000,,제 66 기,36490000000,,,,제 65 기,30162000000,8
152,2.01706E+13,11011,2016,164478,SCE,자본변동표,ifrs_ChangesInEquity,자본 증가(감소) 합계,자본 [member]|이익잉여금,제 67 기,2.84295E+11,,제 66 기,2.77917E+11,,,,제 65 기,1.40021E+11,8
153,2.01706E+13,11011,2016,164478,SCE,자본변동표,ifrs_Equity,기말자본,별도재무제표 [member],제 67 기,5.46584E+12,,제 66 기,5.12758E+12,,,,제 65 기,4.81317E+12,9
154,2.01706E+13,11011,2016,164478,SCE,자본변동표,ifrs_Equity,기말자본,자본 [member]|기타불입자본,제 67 기,8.28181E+11,,제 66 기,8.28181E+11,,,,제 65 기,8.28181E+11,9
155,2.01706E+13,11011,2016,164478,SCE,자본변동표,ifrs_Equity,기말자본,자본 [member]|기타자본구성요소,제 67 기,91268000000,,제 66 기,37300000000,,,,제 65 기,810000000,9
156,2.01706E+13,11011,2016,164478,SCE,자본변동표,ifrs_Equity,기말자본,자본 [member]|이익잉여금,제 67 기,3.98912E+12,,제 66 기,3.70482E+12,,,,제 65 기,3.42691E+12,9
157,2.01706E+13,11011,2016,164478,SCE,자본변동표,ifrs_Equity,기말자본,자본 [member]|자본금 [member],제 67 기,5.57273E+11,,제 66 기,5.57273E+11,,,,제 65 기,5.57273E+11,9
0,2.01804E+13,11011,2017,164478,BS,재무상태표,ifrs_CurrentAssets,유동자산,-,제 68 기,8.01501E+12,,제 67 기,8.92299E+12,,,,제 66 기,8.40915E+12,1
1,2.01804E+13,11011,2017,164478,BS,재무상태표,ifrs_CashAndCashEquivalents,현금및현금성자산,-,제 68 기,1.23144E+12,,제 67 기,1.37471E+12,,,,제 66 기,1.08911E+12,2
2,2.01804E+13,11011,2017,164478,BS,재무상태표,dart_ShortTermDepositsNotClassifiedAsCashEquivalents,단기금융상품,-,제 68 기,1.30092E+11,,제 67 기,1.72751E+11,,,,제 66 기,1.09656E+11,3
3,2.01804E+13,11011,2017,164478,BS,재무상태표,dart_ShortTermTradeReceivable,매출채권,-,제 68 기,8.78876E+11,,제 67 기,1.14559E+12,,,,제 66 기,1.15428E+12,4
4,2.01804E+13,11011,2017,164478,BS,재무상태표,ifrs_TradeAndOtherCurrentReceivables,기타채권,-,제 68 기,1.45174E+12,,제 67 기,1.62008E+12,,,,제 66 기,1.49655E+12,5
5,2.01804E+13,11011,2017,164478,BS,재무상태표,dart_ShortTermDueFromCustomersForContractWork,미청구공사,-,제 68 기,2.12049E+12,,제 67 기,2.31167E+12,,,,제 66 기,2.47862E+12,6
6,2.01804E+13,11011,2017,164478,BS,재무상태표,dart_CurrentFinancialAssetsHeldToMaturity,만기보유금융자산,-,제 68 기,14661000000,,제 67 기,2.66494E+11,,,,제 66 기,64606000000,7
7,2.01804E+13,11011,2017,164478,BS,재무상태표,ifrs_Inventories,재고자산,-,제 68 기,1.33048E+12,,제 67 기,7.27842E+11,,,,제 66 기,8.35142E+11,8
8,2.01804E+13,11011,2017,164478,BS,재무상태표,dart_OtherCurrentAssets,기타유동자산,-,제 68 기,8.57228E+11,,제 67 기,1.30386E+12,,,,제 66 기,1.18119E+12,9
9,2.01804E+13,11011,2017,164478,BS,재무상태표,ifrs_NoncurrentAssets,비유동자산,-,제 68 기,3.50227E+12,,제 67 기,3.69827E+12,,,,제 66 기,4.07831E+12,10
10,2.01804E+13,11011,2017,164478,BS,재무상태표,dart_LongTermDepositsNotClassifiedAsCashEquivalents,장기금융상품,-,제 68 기,25696000000,,제 67 기,1.08384E+11,,,,제 66 기,1.01373E+11,11
11,2.01804E+13,11011,2017,164478,BS,재무상태표,dart_LongTermTradeReceivablesGross,장기미수채권,-,제 68 기,3.54617E+11,,제 67 기,3.99995E+11,,,,제 66 기,3.87914E+11,12
12,2.01804E+13,11011,2017,164478,BS,재무상태표,dart_LongTermTradeAndOtherNonCurrentReceivablesGross,장기성기타채권,-,제 68 기,4.6682E+11,,제 67 기,4.84711E+11,,,,제 66 기,6.93067E+11,13
13,2.01804E+13,11011,2017,164478,BS,재무상태표,dart_NonCurrentAvailableForSaleFinancialAssets,매도가능금융자산,-,제 68 기,2.2545E+11,,제 67 기,2.37315E+11,,,,제 66 기,3.95176E+11,14
14,2.01804E+13,11011,2017,164478,BS,재무상태표,dart_NonCurrentFinancialAssetsHeldToMaturity,만기보유금융자산,-,제 68 기,25731000000,,제 67 기,30388000000,,,,제 66 기,42480000000,15
15,2.01804E+13,11011,2017,164478,BS,재무상태표,ifrs_InvestmentsInSubsidiariesJointVenturesAndAssociates,공동기업 및 관계기업투자자산,-,제 68 기,1.37925E+12,,제 67 기,1.41821E+12,,,,제 66 기,1.43961E+12,16
16,2.01804E+13,11011,2017,164478,BS,재무상태표,ifrs_InvestmentProperty,투자부동산,-,제 68 기,4.01385E+11,,제 67 기,4.2102E+11,,,,제 66 기,3.9967E+11,17
17,2.01804E+13,11011,2017,164478,BS,재무상태표,ifrs_PropertyPlantAndEquipment,유형자산,-,제 68 기,3.68486E+11,,제 67 기,4.0643E+11,,,,제 66 기,3.79182E+11,18
18,2.01804E+13,11011,2017,164478,BS,재무상태표,ifrs_IntangibleAssetsOtherThanGoodwill,무형자산,-,제 68 기,28684000000,,제 67 기,28647000000,,,,제 66 기,29837000000,19
19,2.01804E+13,11011,2017,164478,BS,재무상태표,ifrs_DeferredTaxAssets,이연법인세자산,-,제 68 기,1.27592E+11,,제 67 기,58837000000,,,,제 66 기,84959000000,20
20,2.01804E+13,11011,2017,164478,BS,재무상태표,dart_OtherNonCurrentAssets,기타비유동자산,-,제 68 기,98564000000,,제 67 기,1.04333E+11,,,,제 66 기,1.25048E+11,21
21,2.01804E+13,11011,2017,164478,BS,재무상태표,ifrs_Assets,자산총계,-,제 68 기,1.15173E+13,,제 67 기,1.26213E+13,,,,제 66 기,1.24875E+13,22
22,2.01804E+13,11011,2017,164478,BS,재무상태표,ifrs_CurrentLiabilities,유동부채,-,제 68 기,4.27587E+12,,제 67 기,5.2492E+12,,,,제 66 기,5.16175E+12,24
23,2.01804E+13,11011,2017,164478,BS,재무상태표,dart_ShortTermTradePayables,매입채무,-,제 68 기,1.29921E+12,,제 67 기,1.31782E+12,,,,제 66 기,1.35744E+12,25
24,2.01804E+13,11011,2017,164478,BS,재무상태표,ifrs_TradeAndOtherCurrentPayables,기타채무,-,제 68 기,7.74167E+11,,제 67 기,1.08583E+12,,,,제 66 기,9.06669E+11,26
25,2.01804E+13,11011,2017,164478,BS,재무상태표,dart_AdvancesOnConstructionContracts,공사및분양선수금,-,제 68 기,8.05757E+11,,제 67 기,1.08802E+12,,,,제 66 기,1.33278E+12,27
26,2.01804E+13,11011,2017,164478,BS,재무상태표,dart_ShortTermDueToCustomersForContractWork,초과청구공사,-,제 68 기,1.00458E+12,,제 67 기,1.28805E+12,,,,제 66 기,1.20405E+12,28
27,2.01804E+13,11011,2017,164478,BS,재무상태표,ifrs_ShorttermBorrowings,단기차입금,-,제 68 기,75724000000,,제 67 기,49320000000,,,,제 66 기,1.18044E+11,29
28,2.01804E+13,11011,2017,164478,BS,재무상태표,ifrs_CurrentPortionOfLongtermBorrowings,유동성장기부채,-,제 68 기,1.9036E+11,,제 67 기,3.00284E+11,,,,제 66 기,2.10267E+11,30
29,2.01804E+13,11011,2017,164478,BS,재무상태표,dart_CurrentDerivativeLiabilities,파생상품부채,-,제 68 기,122000000,,제 67 기,,,,,제 66 기,,31
30,2.01804E+13,11011,2017,164478,BS,재무상태표,ifrs_CurrentTaxLiabilities,법인세부채,-,제 68 기,77295000000,,제 67 기,67540000000,,,,제 66 기,,32
31,2.01804E+13,11011,2017,164478,BS,재무상태표,ifrs_OtherCurrentFinancialLiabilities,기타금융부채,-,제 68 기,10218000000,,제 67 기,11424000000,,,,제 66 기,14711000000,33
32,2.01804E+13,11011,2017,164478,BS,재무상태표,dart_OtherCurrentLiabilities,기타유동부채,-,제 68 기,38445000000,,제 67 기,40911000000,,,,제 66 기,17782000000,34
33,2.01804E+13,11011,2017,164478,BS,재무상태표,ifrs_NoncurrentLiabilities,비유동부채,-,제 68 기,1.71149E+12,,제 67 기,1.90621E+12,,,,제 66 기,2.19814E+12,35
34,2.01804E+13,11011,2017,164478,BS,재무상태표,dart_LongTermTradeAndOtherNonCurrentPayables,장기성기타채무,-,제 68 기,3.21876E+11,,제 67 기,2.86279E+11,,,,제 66 기,3.74116E+11,36
35,2.01804E+13,11011,2017,164478,BS,재무상태표,dart_BondsIssued,사채,-,제 68 기,9.98044E+11,,제 67 기,1.18719E+12,,,,제 66 기,1.287E+12,37
36,2.01804E+13,11011,2017,164478,BS,재무상태표,dart_LongTermBorrowingsGross,장기차입금,-,제 68 기,7317000000,,제 67 기,7493000000,,,,제 66 기,7875000000,38
37,2.01804E+13,11011,2017,164478,BS,재무상태표,dart_PostemploymentBenefitObligations,퇴직급여부채,-,제 68 기,,,제 67 기,,,,,제 66 기,1.32269E+11,39
38,2.01804E+13,11011,2017,164478,BS,재무상태표,ifrs_NoncurrentProvisionsForEmployeeBenefits,장기종업원급여충당부채,-,제 68 기,11469000000,,제 67 기,10277000000,,,,제 66 기,9401000000,40
39,2.01804E+13,11011,2017,164478,BS,재무상태표,ifrs_NoncurrentProvisions,충당부채,-,제 68 기,2.88034E+11,,제 67 기,3.29666E+11,,,,제 66 기,3.02479E+11,41
40,2.01804E+13,11011,2017,164478,BS,재무상태표,ifrs_OtherNoncurrentFinancialLiabilities,기타금융부채,-,제 68 기,74087000000,,제 67 기,68797000000,,,,제 66 기,64411000000,42
41,2.01804E+13,11011,2017,164478,BS,재무상태표,dart_OtherNonCurrentLiabilities,기타비유동부채,-,제 68 기,10662000000,,제 67 기,16510000000,,,,제 66 기,20586000000,43
42,2.01804E+13,11011,2017,164478,BS,재무상태표,ifrs_Liabilities,부채총계,-,제 68 기,5.98736E+12,,제 67 기,7.15541E+12,,,,제 66 기,7.35988E+12,44
43,2.01804E+13,11011,2017,164478,BS,재무상태표,ifrs_IssuedCapital,자본금,-,제 68 기,5.57273E+11,,제 67 기,5.57273E+11,,,,제 66 기,5.57273E+11,46
44,2.01804E+13,11011,2017,164478,BS,재무상태표,dart_CapitalSurplus,기타불입자본,-,제 68 기,8.28181E+11,,제 67 기,8.28181E+11,,,,제 66 기,8.28181E+11,47
45,2.01804E+13,11011,2017,164478,BS,재무상태표,dart_ElementsOfOtherStockholdersEquity,기타자본구성요소,-,제 68 기,22466000000,,제 67 기,91268000000,,,,제 66 기,37300000000,48
46,2.01804E+13,11011,2017,164478,BS,재무상태표,ifrs_RetainedEarnings,이익잉여금,-,제 68 기,4.122E+12,,제 67 기,3.98912E+12,,,,제 66 기,3.70482E+12,49
47,2.01804E+13,11011,2017,164478,BS,재무상태표,ifrs_Equity,자본총계,-,제 68 기,5.52992E+12,,제 67 기,5.46584E+12,,,,제 66 기,5.12758E+12,50
48,2.01804E+13,11011,2017,164478,BS,재무상태표,ifrs_EquityAndLiabilities,자본과부채총계,-,제 68 기,1.15173E+13,,제 67 기,1.26213E+13,,,,제 66 기,1.24875E+13,51
49,2.01804E+13,11011,2017,164478,CIS,포괄손익계산서,ifrs_Revenue,매출액,-,제 68 기,1.0168E+13,,제 67 기,1.10411E+13,,,,제 66 기,1.07163E+13,0
50,2.01804E+13,11011,2017,164478,CIS,포괄손익계산서,ifrs_CostOfSales,매출원가,-,제 68 기,9.33719E+12,,제 67 기,1.00117E+13,,,,제 66 기,9.80321E+12,1
51,2.01804E+13,11011,2017,164478,CIS,포괄손익계산서,ifrs_GrossProfit,매출총이익,-,제 68 기,8.30769E+11,,제 67 기,1.02939E+12,,,,제 66 기,9.13126E+11,2
52,2.01804E+13,11011,2017,164478,CIS,포괄손익계산서,dart_TotalSellingGeneralAdministrativeExpenses,판매비와관리비,-,제 68 기,4.11954E+11,,제 67 기,4.39673E+11,,,,제 66 기,3.9696E+11,3
53,2.01804E+13,11011,2017,164478,CIS,포괄손익계산서,dart_OperatingIncomeLoss,영업이익(손실),-,제 68 기,4.18815E+11,,제 67 기,5.89718E+11,,,,제 66 기,5.16166E+11,4
54,2.01804E+13,11011,2017,164478,CIS,포괄손익계산서,ifrs_FinanceIncome,금융수익,-,제 68 기,2.2028E+11,,제 67 기,1.60299E+11,,,,제 66 기,2.17172E+11,5
55,2.01804E+13,11011,2017,164478,CIS,포괄손익계산서,ifrs_FinanceCosts,금융비용,-,제 68 기,2.45757E+11,,제 67 기,1.86447E+11,,,,제 66 기,2.09019E+11,6
56,2.01804E+13,11011,2017,164478,CIS,포괄손익계산서,dart_OtherGains,기타수익,-,제 68 기,2.21006E+11,,제 67 기,1.58502E+11,,,,제 66 기,1.18918E+11,7
57,2.01804E+13,11011,2017,164478,CIS,포괄손익계산서,dart_OtherLosses,기타비용,-,제 68 기,4.14599E+11,,제 67 기,2.80728E+11,,,,제 66 기,2.22393E+11,8
58,2.01804E+13,11011,2017,164478,CIS,포괄손익계산서,ifrs_ProfitLossBeforeTax,법인세비용차감전순이익(손실),-,제 68 기,1.99745E+11,,제 67 기,4.41344E+11,,,,제 66 기,4.20844E+11,9
59,2.01804E+13,11011,2017,164478,CIS,포괄손익계산서,ifrs_IncomeTaxExpenseContinuingOperations,법인세비용,-,제 68 기,50881000000,,제 67 기,1.18211E+11,,,,제 66 기,1.10087E+11,10
60,2.01804E+13,11011,2017,164478,CIS,포괄손익계산서,ifrs_ProfitLoss,당기순이익(손실),-,제 68 기,1.48864E+11,,제 67 기,3.23133E+11,,,,제 66 기,3.10757E+11,11
61,2.01804E+13,11011,2017,164478,CIS,포괄손익계산서,ifrs_OtherComprehensiveIncome,법인세차감후 기타포괄손익,-,제 68 기,-29056000000,,제 67 기,70862000000,,,,제 66 기,59382000000,12
62,2.01804E+13,11011,2017,164478,CIS,포괄손익계산서,dart_OtherComprehensiveIncomeThatWillNotBeReclassifiedToProfitOrLossNetOfTax,당기손익으로 재분류되지 않는항목(세후기타포괄손익),-,제 68 기,39746000000,,제 67 기,16894000000,,,,제 66 기,22892000000,13
63,2.01804E+13,11011,2017,164478,CIS,포괄손익계산서,dart_OtherComprehensiveIncomeNetOfTaxGainsLossesOnRemeasurementsOfDefinedBenefitPlans,확정급여제도의재측정요소,-,제 68 기,39746000000,,제 67 기,16894000000,,,,제 66 기,22892000000,14
64,2.01804E+13,11011,2017,164478,CIS,포괄손익계산서,dart_OtherComprehensiveIncomeThatWillBeReclassifiedToProfitOrLossNetOfTax,당기손익으로 재분류될 수 있는 항목,-,제 68 기,-68802000000,,제 67 기,53968000000,,,,제 66 기,36490000000,15
65,2.01804E+13,11011,2017,164478,CIS,포괄손익계산서,ifrs_GainsLossesOnRemeasuringAvailableforsaleFinancialAssetsNetOfTax,매도가능금융자산평가손익,-,제 68 기,750000000,,제 67 기,608000000,,,,제 66 기,-7500000000,16
66,2.01804E+13,11011,2017,164478,CIS,포괄손익계산서,ifrs_GainsLossesOnExchangeDifferencesOnTranslationNetOfTax,해외사업장환산외환차이,-,제 68 기,-69552000000,,제 67 기,53360000000,,,,제 66 기,43990000000,17
67,2.01804E+13,11011,2017,164478,CIS,포괄손익계산서,ifrs_ComprehensiveIncome,당기총포괄손익,-,제 68 기,1.19808E+11,,제 67 기,3.93995E+11,,,,제 66 기,3.70139E+11,18
68,2.01804E+13,11011,2017,164478,CIS,포괄손익계산서,ifrs_BasicEarningsLossPerShare,보통주 기본주당이익(손실),-,제 68 기,1336,,제 67 기,2899,,,,제 66 기,2788,20
69,2.01804E+13,11011,2017,164478,CIS,포괄손익계산서,ifrs_DilutedEarningsLossPerShare,구형우선주 기본주당순이익(손실),-,제 68 기,1386,,제 67 기,2973,,,,제 66 기,2861,21
70,2.01804E+13,11011,2017,164478,CF,현금흐름표,ifrs_CashFlowsFromUsedInOperatingActivities,영업활동현금흐름,-,제 68 기,-39106000000,,제 67 기,6.05066E+11,,,,제 66 기,5.02153E+11,0
71,2.01804E+13,11011,2017,164478,CF,현금흐름표,-표준계정코드 미사용-,영업으로부터 창출된 현금흐름,-,제 68 기,6503000000,,제 67 기,6.20425E+11,,,,제 66 기,5.2797E+11,1
72,2.01804E+13,11011,2017,164478,CF,현금흐름표,ifrs_InterestReceivedClassifiedAsOperatingActivities,이자수취,-,제 68 기,54572000000,,제 67 기,48146000000,,,,제 66 기,44156000000,2
73,2.01804E+13,11011,2017,164478,CF,현금흐름표,ifrs_DividendsReceivedClassifiedAsOperatingActivities,배당금수취,-,제 68 기,50064000000,,제 67 기,36315000000,,,,제 66 기,42826000000,3
74,2.01804E+13,11011,2017,164478,CF,현금흐름표,ifrs_InterestPaidClassifiedAsOperatingActivities,이자지급,-,제 68 기,49329000000,,제 67 기,52713000000,,,,제 66 기,58288000000,4
75,2.01804E+13,11011,2017,164478,CF,현금흐름표,ifrs_IncomeTaxesPaidRefundClassifiedAsOperatingActivities,법인세납부,-,제 68 기,1.00916E+11,,제 67 기,47107000000,,,,제 66 기,54511000000,5
76,2.01804E+13,11011,2017,164478,CF,현금흐름표,ifrs_CashFlowsFromUsedInInvestingActivities,투자활동현금흐름,-,제 68 기,3.45992E+11,,제 67 기,-1.96804E+11,,,,제 66 기,-3.33325E+11,6
77,2.01804E+13,11011,2017,164478,CF,현금흐름표,-표준계정코드 미사용-,투자활동으로 인한 현금유입액,-,제 68 기,6.858E+11,,제 67 기,3.68006E+11,,,,제 66 기,1.00669E+11,7
78,2.01804E+13,11011,2017,164478,CF,현금흐름표,-표준계정코드 미사용-,단기금융상품의 감소,-,제 68 기,1.72751E+11,,제 67 기,36905000000,,,,제 66 기,,8
79,2.01804E+13,11011,2017,164478,CF,현금흐름표,-표준계정코드 미사용-,기타채권의 감소,-,제 68 기,1.26116E+11,,제 67 기,1.06586E+11,,,,제 66 기,25317000000,9
80,2.01804E+13,11011,2017,164478,CF,현금흐름표,-표준계정코드 미사용-,장기금융상품의 감소,-,제 68 기,276000000,,제 67 기,7000000,,,,제 66 기,2577000000,10
81,2.01804E+13,11011,2017,164478,CF,현금흐름표,-표준계정코드 미사용-,장기성기타채권의 감소,-,제 68 기,17029000000,,제 67 기,6439000000,,,,제 66 기,22841000000,11
82,2.01804E+13,11011,2017,164478,CF,현금흐름표,-표준계정코드 미사용-,매도가능금융자산의 처분,-,제 68 기,8612000000,,제 67 기,1.4512E+11,,,,제 66 기,13538000000,12
83,2.01804E+13,11011,2017,164478,CF,현금흐름표,-표준계정코드 미사용-,만기보유금융자산의 처분,-,제 68 기,3.33648E+11,,제 67 기,64606000000,,,,제 66 기,22533000000,13
84,2.01804E+13,11011,2017,164478,CF,현금흐름표,-표준계정코드 미사용-,"종속기업, 공동기업 및 관계기업에 대한 투자자산의 처분",-,제 68 기,3492000000,,제 67 기,4499000000,,,,제 66 기,3269000000,14
85,2.01804E+13,11011,2017,164478,CF,현금흐름표,-표준계정코드 미사용-,투자부동산의 처분,-,제 68 기,16036000000,,제 67 기,339000000,,,,제 66 기,,15
86,2.01804E+13,11011,2017,164478,CF,현금흐름표,-표준계정코드 미사용-,유형자산의 처분,-,제 68 기,6810000000,,제 67 기,1505000000,,,,제 66 기,8154000000,16
87,2.01804E+13,11011,2017,164478,CF,현금흐름표,-표준계정코드 미사용-,무형자산의 처분,-,제 68 기,1030000000,,제 67 기,2000000000,,,,제 66 기,2440000000,17
88,2.01804E+13,11011,2017,164478,CF,현금흐름표,-표준계정코드 미사용-,투자활동으로 인한 현금유출액,-,제 68 기,-3.39808E+11,,제 67 기,-5.6481E+11,,,,제 66 기,-4.33994E+11,18
89,2.01804E+13,11011,2017,164478,CF,현금흐름표,-표준계정코드 미사용-,단기금융상품의 취득,-,제 68 기,-30092000000,,제 67 기,,,,,제 66 기,-29534000000,19
90,2.01804E+13,11011,2017,164478,CF,현금흐름표,-표준계정코드 미사용-,기타채권의 증가,-,제 68 기,-75553000000,,제 67 기,-32803000000,,,,제 66 기,-10668000000,20
91,2.01804E+13,11011,2017,164478,CF,현금흐름표,-표준계정코드 미사용-,장기금융상품의 취득,-,제 68 기,,,제 67 기,-1.00044E+11,,,,제 66 기,-1.0026E+11,21
92,2.01804E+13,11011,2017,164478,CF,현금흐름표,-표준계정코드 미사용-,장기성기타채권의 취득,-,제 68 기,-1.17222E+11,,제 67 기,-37089000000,,,,제 66 기,-39988000000,22
93,2.01804E+13,11011,2017,164478,CF,현금흐름표,-표준계정코드 미사용-,매도가능금융자산의 취득,-,제 68 기,-13985000000,,제 67 기,-24320000000,,,,제 66 기,-1.12822E+11,23
94,2.01804E+13,11011,2017,164478,CF,현금흐름표,-표준계정코드 미사용-,만기보유금융자산의 취득,-,제 68 기,-77158000000,,제 67 기,-2.53477E+11,,,,제 66 기,-53405000000,24
95,2.01804E+13,11011,2017,164478,CF,현금흐름표,-표준계정코드 미사용-,"종속기업, 공동기업 및 관계기업에 대한 투자자산의 취득",-,제 68 기,-193000000,,제 67 기,-22771000000,,,,제 66 기,-11797000000,25
96,2.01804E+13,11011,2017,164478,CF,현금흐름표,-표준계정코드 미사용-,투자부동산의 취득,-,제 68 기,,,제 67 기,-139000000,,,,제 66 기,-118000000,26
97,2.01804E+13,11011,2017,164478,CF,현금흐름표,-표준계정코드 미사용-,유형자산의 취득,-,제 68 기,-24378000000,,제 67 기,-93128000000,,,,제 66 기,-71964000000,27
98,2.01804E+13,11011,2017,164478,CF,현금흐름표,-표준계정코드 미사용-,무형자산의 취득,-,제 68 기,-1227000000,,제 67 기,-1039000000,,,,제 66 기,-3438000000,28
99,2.01804E+13,11011,2017,164478,CF,현금흐름표,ifrs_CashFlowsFromUsedInFinancingActivities,재무활동현금흐름,-,제 68 기,-3.25846E+11,,제 67 기,-1.33159E+11,,,,제 66 기,-1.12419E+11,29
100,2.01804E+13,11011,2017,164478,CF,현금흐름표,-표준계정코드 미사용-,재무활동으로 인한 현금유입액,-,제 68 기,6.52468E+11,,제 67 기,5.88935E+11,,,,제 66 기,9.74444E+11,30
101,2.01804E+13,11011,2017,164478,CF,현금흐름표,-표준계정코드 미사용-,단기차입금의 증가,-,제 68 기,6.52468E+11,,제 67 기,3.89811E+11,,,,제 66 기,6.25736E+11,31
102,2.01804E+13,11011,2017,164478,CF,현금흐름표,-표준계정코드 미사용-,사채의 증가,-,제 68 기,,,제 67 기,1.99124E+11,,,,제 66 기,3.48708E+11,32
103,2.01804E+13,11011,2017,164478,CF,현금흐름표,-표준계정코드 미사용-,재무활동으로 인한 현금유출액,-,제 68 기,-9.78314E+11,,제 67 기,-7.22094E+11,,,,제 66 기,-1.08686E+12,33
104,2.01804E+13,11011,2017,164478,CF,현금흐름표,-표준계정코드 미사용-,단기차입금의 상환,-,제 68 기,-6.22131E+11,,제 67 기,-4.55911E+11,,,,제 66 기,-7.6068E+11,34
105,2.01804E+13,11011,2017,164478,CF,현금흐름표,-표준계정코드 미사용-,유동성장기부채의 상환,-,제 68 기,-3.00451E+11,,제 67 기,-2.10451E+11,,,,제 66 기,-2.70451E+11,35
106,2.01804E+13,11011,2017,164478,CF,현금흐름표,-표준계정코드 미사용-,배당금지급,-,제 68 기,-55732000000,,제 67 기,-55732000000,,,,제 66 기,-55732000000,36
107,2.01804E+13,11011,2017,164478,CF,현금흐름표,ifrs_IncreaseDecreaseInCashAndCashEquivalentsBeforeEffectOfExchangeRateChanges,현금및현금성자산의 증가(감소),-,제 68 기,-18960000000,,제 67 기,2.75103E+11,,,,제 66 기,56409000000,37
108,2.01804E+13,11011,2017,164478,CF,현금흐름표,dart_CashAndCashEquivalentsAtBeginningOfPeriodCf,기초현금및현금성자산,-,제 68 기,1.37471E+12,,제 67 기,1.08911E+12,,,,제 66 기,1.03123E+12,38
109,2.01804E+13,11011,2017,164478,CF,현금흐름표,ifrs_EffectOfExchangeRateChangesOnCashAndCashEquivalents,현금및현금성자산에 대한 환율변동효과,-,제 68 기,-1.24303E+11,,제 67 기,10492000000,,,,제 66 기,1471000000,39
110,2.01804E+13,11011,2017,164478,CF,현금흐름표,dart_CashAndCashEquivalentsAtEndOfPeriodCf,기말현금및현금성자산,-,제 68 기,1.23144E+12,,제 67 기,1.37471E+12,,,,제 66 기,1.08911E+12,40
111,2.01804E+13,11011,2017,164478,SCE,자본변동표,dart_EquityAtBeginningOfPeriod,기초자본,별도재무제표 [member],제 68 기,5.46584E+12,,제 67 기,5.12758E+12,,,,제 66 기,4.81317E+12,1
112,2.01804E+13,11011,2017,164478,SCE,자본변동표,dart_EquityAtBeginningOfPeriod,기초자본,자본 [member]|기타불입자본,제 68 기,8.28181E+11,,제 67 기,8.28181E+11,,,,제 66 기,8.28181E+11,1
113,2.01804E+13,11011,2017,164478,SCE,자본변동표,dart_EquityAtBeginningOfPeriod,기초자본,자본 [member]|기타자본구성요소 [member],제 68 기,91268000000,,제 67 기,37300000000,,,,제 66 기,810000000,1
114,2.01804E+13,11011,2017,164478,SCE,자본변동표,dart_EquityAtBeginningOfPeriod,기초자본,자본 [member]|이익잉여금 [member],제 68 기,3.98912E+12,,제 67 기,3.70482E+12,,,,제 66 기,3.42691E+12,1
115,2.01804E+13,11011,2017,164478,SCE,자본변동표,dart_EquityAtBeginningOfPeriod,기초자본,자본 [member]|자본금 [member],제 68 기,5.57273E+11,,제 67 기,5.57273E+11,,,,제 66 기,5.57273E+11,1
116,2.01804E+13,11011,2017,164478,SCE,자본변동표,ifrs_DividendsPaid,배당금지급,별도재무제표 [member],제 68 기,55732000000,,제 67 기,55732000000,,,,제 66 기,55732000000,2
117,2.01804E+13,11011,2017,164478,SCE,자본변동표,ifrs_DividendsPaid,배당금지급,자본 [member]|이익잉여금 [member],제 68 기,55732000000,,제 67 기,55732000000,,,,제 66 기,55732000000,2
118,2.01804E+13,11011,2017,164478,SCE,자본변동표,ifrs_ProfitLoss,당기순이익(손실),별도재무제표 [member],제 68 기,1.48864E+11,,제 67 기,3.23133E+11,,,,제 66 기,3.10757E+11,3
119,2.01804E+13,11011,2017,164478,SCE,자본변동표,ifrs_ProfitLoss,당기순이익(손실),자본 [member]|이익잉여금 [member],제 68 기,1.48864E+11,,제 67 기,3.23133E+11,,,,제 66 기,3.10757E+11,3
120,2.01804E+13,11011,2017,164478,SCE,자본변동표,dart_OtherComprehensiveIncomeForStatementOfChangesInEquity,매도가능금융자산평가손익,별도재무제표 [member],제 68 기,750000000,,제 67 기,608000000,,,,제 66 기,-7500000000,4
121,2.01804E+13,11011,2017,164478,SCE,자본변동표,dart_OtherComprehensiveIncomeForStatementOfChangesInEquity,매도가능금융자산평가손익,자본 [member]|기타자본구성요소 [member],제 68 기,750000000,,제 67 기,608000000,,,,제 66 기,-7500000000,4
122,2.01804E+13,11011,2017,164478,SCE,자본변동표,dart_ChangesInForeignExchangeRates,해외사업환산손익,별도재무제표 [member],제 68 기,-69552000000,,제 67 기,53360000000,,,,제 66 기,43990000000,5
123,2.01804E+13,11011,2017,164478,SCE,자본변동표,dart_ChangesInForeignExchangeRates,해외사업환산손익,자본 [member]|기타자본구성요소 [member],제 68 기,-69552000000,,제 67 기,53360000000,,,,제 66 기,43990000000,5
124,2.01804E+13,11011,2017,164478,SCE,자본변동표,-표준계정코드 미사용-,확정급여제도의재측정요소,별도재무제표 [member],제 68 기,39746000000,,제 67 기,16894000000,,,,제 66 기,22892000000,6
125,2.01804E+13,11011,2017,164478,SCE,자본변동표,-표준계정코드 미사용-,확정급여제도의재측정요소,자본 [member]|이익잉여금 [member],제 68 기,39746000000,,제 67 기,16894000000,,,,제 66 기,22892000000,6
126,2.01804E+13,11011,2017,164478,SCE,자본변동표,ifrs_ChangesInEquity,자본 증가(감소) 합계,별도재무제표 [member],제 68 기,64076000000,,제 67 기,3.38263E+11,,,,제 66 기,3.14407E+11,7
127,2.01804E+13,11011,2017,164478,SCE,자본변동표,ifrs_ChangesInEquity,자본 증가(감소) 합계,자본 [member]|기타자본구성요소 [member],제 68 기,-68802000000,,제 67 기,53968000000,,,,제 66 기,36490000000,7
128,2.01804E+13,11011,2017,164478,SCE,자본변동표,ifrs_ChangesInEquity,자본 증가(감소) 합계,자본 [member]|이익잉여금 [member],제 68 기,1.32878E+11,,제 67 기,2.84295E+11,,,,제 66 기,2.77917E+11,7
129,2.01804E+13,11011,2017,164478,SCE,자본변동표,ifrs_Equity,기말자본,별도재무제표 [member],제 68 기,5.52992E+12,,제 67 기,5.46584E+12,,,,제 66 기,5.12758E+12,8
130,2.01804E+13,11011,2017,164478,SCE,자본변동표,ifrs_Equity,기말자본,자본 [member]|기타불입자본,제 68 기,8.28181E+11,,제 67 기,8.28181E+11,,,,제 66 기,8.28181E+11,8
131,2.01804E+13,11011,2017,164478,SCE,자본변동표,ifrs_Equity,기말자본,자본 [member]|기타자본구성요소 [member],제 68 기,22466000000,,제 67 기,91268000000,,,,제 66 기,37300000000,8
132,2.01804E+13,11011,2017,164478,SCE,자본변동표,ifrs_Equity,기말자본,자본 [member]|이익잉여금 [member],제 68 기,4.122E+12,,제 67 기,3.98912E+12,,,,제 66 기,3.70482E+12,8
133,2.01804E+13,11011,2017,164478,SCE,자본변동표,ifrs_Equity,기말자본,자본 [member]|자본금 [member],제 68 기,5.57273E+11,,제 67 기,5.57273E+11,,,,제 66 기,5.57273E+11,8
0,2.01904E+13,11011,2018,164478,BS,재무상태표,ifrs_CurrentAssets,유동자산,-,제 69 기,7.74735E+12,,제 68 기,8.01501E+12,,,,제 67 기,8.92299E+12,1
1,2.01904E+13,11011,2018,164478,BS,재무상태표,ifrs_CashAndCashEquivalents,현금및현금성자산,-,제 69 기,1.55451E+12,,제 68 기,1.23144E+12,,,,제 67 기,1.37471E+12,2
2,2.01904E+13,11011,2018,164478,BS,재무상태표,dart_ShortTermDepositsNotClassifiedAsCashEquivalents,단기금융상품,-,제 69 기,57256000000,,제 68 기,1.30092E+11,,,,제 67 기,1.72751E+11,3
3,2.01904E+13,11011,2018,164478,BS,재무상태표,dart_ShortTermTradeReceivable,매출채권,-,제 69 기,1.1651E+12,,제 68 기,8.78876E+11,,,,제 67 기,1.14559E+12,4
4,2.01904E+13,11011,2018,164478,BS,재무상태표,ifrs_TradeAndOtherCurrentReceivables,기타채권,-,제 69 기,1.28902E+12,,제 68 기,1.45174E+12,,,,제 67 기,1.62008E+12,5
5,2.01904E+13,11011,2018,164478,BS,재무상태표,dart_ShortTermDueFromCustomersForContractWork,미청구공사,-,제 69 기,1.80299E+12,,제 68 기,2.12049E+12,,,,제 67 기,2.31167E+12,6
6,2.01904E+13,11011,2018,164478,BS,재무상태표,dart_CurrentFinancialAssetsHeldToMaturity,만기보유금융자산,-,제 69 기,,,제 68 기,14661000000,,,,제 67 기,2.66494E+11,7
7,2.01904E+13,11011,2018,164478,BS,재무상태표,ifrs_CurrentFinancialAssetsAtAmortisedCost,상각후원가 측정 금융자산,-,제 69 기,6650000000,,제 68 기,,,,,제 67 기,,8
8,2.01904E+13,11011,2018,164478,BS,재무상태표,ifrs_Inventories,재고자산,-,제 69 기,1.28922E+12,,제 68 기,1.33048E+12,,,,제 67 기,7.27842E+11,9
9,2.01904E+13,11011,2018,164478,BS,재무상태표,dart_OtherCurrentAssets,기타유동자산,-,제 69 기,5.82602E+11,,제 68 기,8.57228E+11,,,,제 67 기,1.30386E+12,10
10,2.01904E+13,11011,2018,164478,BS,재무상태표,ifrs_NoncurrentAssets,비유동자산,-,제 69 기,3.54052E+12,,제 68 기,3.50227E+12,,,,제 67 기,3.69827E+12,11
11,2.01904E+13,11011,2018,164478,BS,재무상태표,dart_LongTermDepositsNotClassifiedAsCashEquivalents,장기금융상품,-,제 69 기,3190000000,,제 68 기,25696000000,,,,제 67 기,1.08384E+11,12
12,2.01904E+13,11011,2018,164478,BS,재무상태표,dart_LongTermTradeReceivablesGross,장기미수채권,-,제 69 기,3.65802E+11,,제 68 기,3.54617E+11,,,,제 67 기,3.99995E+11,13
13,2.01904E+13,11011,2018,164478,BS,재무상태표,dart_LongTermTradeAndOtherNonCurrentReceivablesGross,장기성기타채권,-,제 69 기,4.27426E+11,,제 68 기,4.6682E+11,,,,제 67 기,4.84711E+11,14
14,2.01904E+13,11011,2018,164478,BS,재무상태표,dart_NonCurrentAvailableForSaleFinancialAssets,매도가능금융자산,-,제 69 기,,,제 68 기,2.2545E+11,,,,제 67 기,2.37315E+11,15
15,2.01904E+13,11011,2018,164478,BS,재무상태표,dart_NonCurrentFinancialAssetsHeldToMaturity,만기보유금융자산,-,제 69 기,,,제 68 기,25731000000,,,,제 67 기,30388000000,16
16,2.01904E+13,11011,2018,164478,BS,재무상태표,ifrs_NoncurrentFinancialAssetsMeasuredAtFairValueThroughOtherComprehensiveIncome,기타포괄손익-공정가치 측정 금융자산,-,제 69 기,49737000000,,제 68 기,,,,,제 67 기,,17
17,2.01904E+13,11011,2018,164478,BS,재무상태표,ifrs_NoncurrentFinancialAssetsAtFairValueThroughProfitOrLossDesignatedUponInitialRecognition,당기손익-공정가치 측정 지정 금융자산,-,제 69 기,2.65288E+11,,제 68 기,,,,,제 67 기,,18
18,2.01904E+13,11011,2018,164478,BS,재무상태표,ifrs_NoncurrentFinancialAssetsAtAmortisedCost,상각후원가 측정 금융자산,-,제 69 기,37294000000,,제 68 기,,,,,제 67 기,,19
19,2.01904E+13,11011,2018,164478,BS,재무상태표,ifrs_InvestmentsInSubsidiariesJointVenturesAndAssociates,"종속기업, 공동기업과 관계기업 투자자산",-,제 69 기,1.40612E+12,,제 68 기,1.37925E+12,,,,제 67 기,1.41821E+12,20
20,2.01904E+13,11011,2018,164478,BS,재무상태표,ifrs_InvestmentProperty,투자부동산,-,제 69 기,3.92267E+11,,제 68 기,4.01385E+11,,,,제 67 기,4.2102E+11,21
21,2.01904E+13,11011,2018,164478,BS,재무상태표,ifrs_PropertyPlantAndEquipment,유형자산,-,제 69 기,3.23037E+11,,제 68 기,3.68486E+11,,,,제 67 기,4.0643E+11,22
22,2.01904E+13,11011,2018,164478,BS,재무상태표,ifrs_IntangibleAssetsOtherThanGoodwill,무형자산,-,제 69 기,28552000000,,제 68 기,28684000000,,,,제 67 기,28647000000,23
23,2.01904E+13,11011,2018,164478,BS,재무상태표,ifrs_DeferredTaxAssets,이연법인세자산,-,제 69 기,1.24518E+11,,제 68 기,1.27592E+11,,,,제 67 기,58837000000,24
24,2.01904E+13,11011,2018,164478,BS,재무상태표,dart_OtherNonCurrentAssets,기타비유동자산,-,제 69 기,1.17291E+11,,제 68 기,98564000000,,,,제 67 기,1.04333E+11,25
25,2.01904E+13,11011,2018,164478,BS,재무상태표,ifrs_Assets,자산총계,-,제 69 기,1.12879E+13,,제 68 기,1.15173E+13,,,,제 67 기,1.26213E+13,26
26,2.01904E+13,11011,2018,164478,BS,재무상태표,ifrs_CurrentLiabilities,유동부채,-,제 69 기,4.14625E+12,,제 68 기,4.27587E+12,,,,제 67 기,5.2492E+12,28
27,2.01904E+13,11011,2018,164478,BS,재무상태표,dart_ShortTermTradePayables,매입채무,-,제 69 기,1.1737E+12,,제 68 기,1.29921E+12,,,,제 67 기,1.31782E+12,29
28,2.01904E+13,11011,2018,164478,BS,재무상태표,ifrs_TradeAndOtherCurrentPayables,기타채무,-,제 69 기,1.04735E+12,,제 68 기,7.74167E+11,,,,제 67 기,1.08583E+12,30
29,2.01904E+13,11011,2018,164478,BS,재무상태표,dart_AdvancesOnConstructionContracts,공사 및 분양선수금,-,제 69 기,7.60116E+11,,제 68 기,8.05757E+11,,,,제 67 기,1.08802E+12,31
30,2.01904E+13,11011,2018,164478,BS,재무상태표,dart_ShortTermDueToCustomersForContractWork,초과청구공사,-,제 69 기,8.31708E+11,,제 68 기,1.00458E+12,,,,제 67 기,1.28805E+12,32
31,2.01904E+13,11011,2018,164478,BS,재무상태표,ifrs_ShorttermBorrowings,단기차입금,-,제 69 기,62457000000,,제 68 기,75724000000,,,,제 67 기,49320000000,33
32,2.01904E+13,11011,2018,164478,BS,재무상태표,dart_CurrentPortionOfBonds,유동성장기부채,-,제 69 기,2.00417E+11,,제 68 기,1.9036E+11,,,,제 67 기,3.00284E+11,34
33,2.01904E+13,11011,2018,164478,BS,재무상태표,dart_CurrentDerivativeLiabilities,파생상품부채,-,제 69 기,,,제 68 기,122000000,,,,제 67 기,,35
34,2.01904E+13,11011,2018,164478,BS,재무상태표,ifrs_CurrentTaxLiabilities,법인세부채,-,제 69 기,,,제 68 기,77295000000,,,,제 67 기,67540000000,36
35,2.01904E+13,11011,2018,164478,BS,재무상태표,ifrs_CurrentProvisions,유동성충당부채,-,제 69 기,6856000000,,제 68 기,,,,,제 67 기,,37
36,2.01904E+13,11011,2018,164478,BS,재무상태표,ifrs_OtherCurrentFinancialLiabilities,기타금융부채,-,제 69 기,13773000000,,제 68 기,10218000000,,,,제 67 기,11424000000,38
37,2.01904E+13,11011,2018,164478,BS,재무상태표,dart_OtherCurrentLiabilities,기타유동부채,-,제 69 기,49882000000,,제 68 기,38445000000,,,,제 67 기,40911000000,39
38,2.01904E+13,11011,2018,164478,BS,재무상태표,ifrs_NoncurrentLiabilities,비유동부채,-,제 69 기,1.82916E+12,,제 68 기,1.71149E+12,,,,제 67 기,1.90621E+12,40
39,2.01904E+13,11011,2018,164478,BS,재무상태표,dart_LongTermTradeAndOtherNonCurrentPayables,장기기타채무,-,제 69 기,3.0378E+11,,제 68 기,3.21876E+11,,,,제 67 기,2.86279E+11,41
40,2.01904E+13,11011,2018,164478,BS,재무상태표,dart_BondsIssued,사채,-,제 69 기,1.09773E+12,,제 68 기,9.98044E+11,,,,제 67 기,1.18719E+12,42
41,2.01904E+13,11011,2018,164478,BS,재무상태표,dart_LongTermBorrowingsGross,장기차입금,-,제 69 기,7139000000,,제 68 기,7317000000,,,,제 67 기,7493000000,43
42,2.01904E+13,11011,2018,164478,BS,재무상태표,dart_PostemploymentBenefitObligations,퇴직급여채무,-,제 69 기,1517000000,,제 68 기,,,,,제 67 기,,44
43,2.01904E+13,11011,2018,164478,BS,재무상태표,ifrs_NoncurrentProvisionsForEmployeeBenefits,장기종업원급여충당부채,-,제 69 기,12295000000,,제 68 기,11469000000,,,,제 67 기,10277000000,45
44,2.01904E+13,11011,2018,164478,BS,재무상태표,ifrs_NoncurrentProvisions,비유동충당부채,-,제 69 기,3.08361E+11,,제 68 기,2.88034E+11,,,,제 67 기,3.29666E+11,46
45,2.01904E+13,11011,2018,164478,BS,재무상태표,ifrs_OtherNoncurrentFinancialLiabilities,기타금융부채,-,제 69 기,84947000000,,제 68 기,74087000000,,,,제 67 기,68797000000,47
46,2.01904E+13,11011,2018,164478,BS,재무상태표,dart_OtherNonCurrentLiabilities,기타비유동부채,-,제 69 기,13386000000,,제 68 기,10662000000,,,,제 67 기,16510000000,48
47,2.01904E+13,11011,2018,164478,BS,재무상태표,ifrs_Liabilities,부채총계,-,제 69 기,5.97541E+12,,제 68 기,5.98736E+12,,,,제 67 기,7.15541E+12,49
48,2.01904E+13,11011,2018,164478,BS,재무상태표,ifrs_IssuedCapital,자본금,-,제 69 기,5.57273E+11,,제 68 기,5.57273E+11,,,,제 67 기,5.57273E+11,51
49,2.01904E+13,11011,2018,164478,BS,재무상태표,dart_CapitalSurplus,기타불입자본,-,제 69 기,8.28619E+11,,제 68 기,8.28181E+11,,,,제 67 기,8.28181E+11,52
50,2.01904E+13,11011,2018,164478,BS,재무상태표,dart_ElementsOfOtherStockholdersEquity,기타자본구성요소,-,제 69 기,-2.87559E+11,,제 68 기,22466000000,,,,제 67 기,91268000000,53
51,2.01904E+13,11011,2018,164478,BS,재무상태표,ifrs_RetainedEarnings,이익잉여금,-,제 69 기,4.21413E+12,,제 68 기,4.122E+12,,,,제 67 기,3.98912E+12,54
52,2.01904E+13,11011,2018,164478,BS,재무상태표,ifrs_Equity,자본총계,-,제 69 기,5.31246E+12,,제 68 기,5.52992E+12,,,,제 67 기,5.46584E+12,55
53,2.01904E+13,11011,2018,164478,BS,재무상태표,ifrs_EquityAndLiabilities,자본과부채총계,-,제 69 기,1.12879E+13,,제 68 기,1.15173E+13,,,,제 67 기,1.26213E+13,56
54,2.01904E+13,11011,2018,164478,CIS,포괄손익계산서,ifrs_Revenue,매출액,-,제 69 기,1.00161E+13,,제 68 기,1.0168E+13,,,,제 67 기,1.10411E+13,0
55,2.01904E+13,11011,2018,164478,CIS,포괄손익계산서,ifrs_CostOfSales,매출원가,-,제 69 기,9.26585E+12,,제 68 기,9.33719E+12,,,,제 67 기,1.00117E+13,1
56,2.01904E+13,11011,2018,164478,CIS,포괄손익계산서,ifrs_GrossProfit,매출총이익,-,제 69 기,7.50285E+11,,제 68 기,8.30769E+11,,,,제 67 기,1.02939E+12,2
57,2.01904E+13,11011,2018,164478,CIS,포괄손익계산서,dart_TotalSellingGeneralAdministrativeExpenses,판매비와관리비,-,제 69 기,4.45362E+11,,제 68 기,4.11954E+11,,,,제 67 기,4.39673E+11,3
58,2.01904E+13,11011,2018,164478,CIS,포괄손익계산서,dart_OperatingIncomeLoss,영업이익,-,제 69 기,3.04923E+11,,제 68 기,4.18815E+11,,,,제 67 기,5.89718E+11,4
59,2.01904E+13,11011,2018,164478,CIS,포괄손익계산서,ifrs_FinanceIncome,금융수익,-,제 69 기,2.63774E+11,,제 68 기,2.2028E+11,,,,제 67 기,1.60299E+11,5
60,2.01904E+13,11011,2018,164478,CIS,포괄손익계산서,ifrs_FinanceCosts,금융비용,-,제 69 기,1.80084E+11,,제 68 기,2.45757E+11,,,,제 67 기,1.86447E+11,6
61,2.01904E+13,11011,2018,164478,CIS,포괄손익계산서,dart_OtherGains,기타수익,-,제 69 기,1.63853E+11,,제 68 기,2.21006E+11,,,,제 67 기,1.58502E+11,7
62,2.01904E+13,11011,2018,164478,CIS,포괄손익계산서,dart_OtherLosses,기타비용,-,제 69 기,2.07378E+11,,제 68 기,4.14599E+11,,,,제 67 기,2.80728E+11,8
63,2.01904E+13,11011,2018,164478,CIS,포괄손익계산서,ifrs_ProfitLossBeforeTax,법인세비용차감전순이익,-,제 69 기,3.45088E+11,,제 68 기,1.99745E+11,,,,제 67 기,4.41344E+11,9
64,2.01904E+13,11011,2018,164478,CIS,포괄손익계산서,ifrs_IncomeTaxExpenseContinuingOperations,법인세비용,-,제 69 기,1.11678E+11,,제 68 기,50881000000,,,,제 67 기,1.18211E+11,10
65,2.01904E+13,11011,2018,164478,CIS,포괄손익계산서,ifrs_ProfitLoss,당기순이익,-,제 69 기,2.3341E+11,,제 68 기,1.48864E+11,,,,제 67 기,3.23133E+11,11
66,2.01904E+13,11011,2018,164478,CIS,포괄손익계산서,ifrs_OtherComprehensiveIncome,법인세차감후 기타포괄이익(손실),-,제 69 기,-1.23707E+11,,제 68 기,-29056000000,,,,제 67 기,70862000000,12
67,2.01904E+13,11011,2018,164478,CIS,포괄손익계산서,dart_OtherComprehensiveIncomeThatWillNotBeReclassifiedToProfitOrLossNetOfTax,후속적으로 당기손익으로 재분류되지 않는항목,-,제 69 기,-5086000000,,제 68 기,39746000000,,,,제 67 기,16894000000,13
68,2.01904E+13,11011,2018,164478,CIS,포괄손익계산서,dart_OtherComprehensiveIncomeNetOfTaxGainsLossesOnRemeasurementsOfDefinedBenefitPlans,확정급여제도의 재측정요소,-,제 69 기,-1830000000,,제 68 기,39746000000,,,,제 67 기,16894000000,14
69,2.01904E+13,11011,2018,164478,CIS,포괄손익계산서,-표준계정코드 미사용-,기타포괄손익-공정가치 측정 금융자산 평가손익,-,제 69 기,-3256000000,,제 68 기,,,,,제 67 기,,15
70,2.01904E+13,11011,2018,164478,CIS,포괄손익계산서,dart_OtherComprehensiveIncomeThatWillBeReclassifiedToProfitOrLossNetOfTax,후속적으로 당기손익으로 재분류될 수 있는 항목,-,제 69 기,-1.18621E+11,,제 68 기,-68802000000,,,,제 67 기,53968000000,16
71,2.01904E+13,11011,2018,164478,CIS,포괄손익계산서,ifrs_GainsLossesOnRemeasuringAvailableforsaleFinancialAssetsNetOfTax,매도가능금융자산평가손익,-,제 69 기,,,제 68 기,750000000,,,,제 67 기,608000000,17
72,2.01904E+13,11011,2018,164478,CIS,포괄손익계산서,ifrs_GainsLossesOnExchangeDifferencesOnTranslationNetOfTax,해외사업환산손익,-,제 69 기,-1.18621E+11,,제 68 기,-69552000000,,,,제 67 기,53360000000,18
73,2.01904E+13,11011,2018,164478,CIS,포괄손익계산서,ifrs_ComprehensiveIncome,총포괄손익,-,제 69 기,1.09703E+11,,제 68 기,1.19808E+11,,,,제 67 기,3.93995E+11,19
74,2.01904E+13,11011,2018,164478,CIS,포괄손익계산서,ifrs_BasicEarningsLossPerShare,보통주 기본주당순이익,-,제 69 기,2094,,제 68 기,1336,,,,제 67 기,2899,21
75,2.01904E+13,11011,2018,164478,CIS,포괄손익계산서,ifrs_DilutedEarningsLossPerShare,구형우선주 기본주당순이익,-,제 69 기,2144,,제 68 기,1386,,,,제 67 기,2973,22
76,2.01904E+13,11011,2018,164478,CF,현금흐름표,ifrs_CashFlowsFromUsedInOperatingActivities,영업활동현금흐름,-,제 69 기,2.62581E+11,,제 68 기,-39106000000,,,,제 67 기,6.05066E+11,0
77,2.01904E+13,11011,2018,164478,CF,현금흐름표,-표준계정코드 미사용-,영업활동으로부터 창출된 현금흐름,-,제 69 기,3.83767E+11,,제 68 기,6503000000,,,,제 67 기,6.20425E+11,1
78,2.01904E+13,11011,2018,164478,CF,현금흐름표,ifrs_InterestReceivedClassifiedAsOperatingActivities,이자수취,-,제 69 기,50251000000,,제 68 기,54572000000,,,,제 67 기,48146000000,2
79,2.01904E+13,11011,2018,164478,CF,현금흐름표,ifrs_DividendsReceivedClassifiedAsOperatingActivities,배당금수취,-,제 69 기,61163000000,,제 68 기,50064000000,,,,제 67 기,36315000000,3
80,2.01904E+13,11011,2018,164478,CF,현금흐름표,ifrs_InterestPaidClassifiedAsOperatingActivities,이자지급,-,제 69 기,50120000000,,제 68 기,49329000000,,,,제 67 기,52713000000,4
81,2.01904E+13,11011,2018,164478,CF,현금흐름표,ifrs_IncomeTaxesPaidRefundClassifiedAsOperatingActivities,법인세납부,-,제 69 기,1.8248E+11,,제 68 기,1.00916E+11,,,,제 67 기,47107000000,5
82,2.01904E+13,11011,2018,164478,CF,현금흐름표,ifrs_CashFlowsFromUsedInInvestingActivities,투자활동으로 인한 현금흐름,-,제 69 기,11439000000,,제 68 기,3.45992E+11,,,,제 67 기,-1.96804E+11,6
83,2.01904E+13,11011,2018,164478,CF,현금흐름표,-표준계정코드 미사용-,투자활동으로 인한 현금유입액,-,제 69 기,4.27396E+11,,제 68 기,6.858E+11,,,,제 67 기,3.68006E+11,7
84,2.01904E+13,11011,2018,164478,CF,현금흐름표,-표준계정코드 미사용-,단기금융상품의 감소,-,제 69 기,1.3E+11,,제 68 기,1.72751E+11,,,,제 67 기,36905000000,8
85,2.01904E+13,11011,2018,164478,CF,현금흐름표,-표준계정코드 미사용-,기타채권의 감소,-,제 69 기,1.34035E+11,,제 68 기,1.26116E+11,,,,제 67 기,1.06586E+11,9
86,2.01904E+13,11011,2018,164478,CF,현금흐름표,-표준계정코드 미사용-,장기금융상품의 감소,-,제 69 기,24562000000,,제 68 기,276000000,,,,제 67 기,7000000,10
87,2.01904E+13,11011,2018,164478,CF,현금흐름표,-표준계정코드 미사용-,장기성기타채권의 감소,-,제 69 기,42441000000,,제 68 기,17029000000,,,,제 67 기,6439000000,11
88,2.01904E+13,11011,2018,164478,CF,현금흐름표,-표준계정코드 미사용-,매도가능금융자산의 처분,-,제 69 기,,,제 68 기,8612000000,,,,제 67 기,1.4512E+11,12
89,2.01904E+13,11011,2018,164478,CF,현금흐름표,-표준계정코드 미사용-,만기보유금융자산의 처분,-,제 69 기,,,제 68 기,3.33648E+11,,,,제 67 기,64606000000,13
90,2.01904E+13,11011,2018,164478,CF,현금흐름표,-표준계정코드 미사용-,"종속기업,공동기업및관계기업투자자산의 처분",-,제 69 기,53000000,,제 68 기,3492000000,,,,제 67 기,4499000000,14
91,2.01904E+13,11011,2018,164478,CF,현금흐름표,-표준계정코드 미사용-,기타포괄손익-공정가치 측정 금융자산의 처분,-,제 69 기,907000000,,제 68 기,,,,,제 67 기,,15
92,2.01904E+13,11011,2018,164478,CF,현금흐름표,-표준계정코드 미사용-,당기손익-공정가치 측정 금융자산의 처분,-,제 69 기,37357000000,,제 68 기,,,,,제 67 기,,16
93,2.01904E+13,11011,2018,164478,CF,현금흐름표,-표준계정코드 미사용-,상각후 원가 측정 금융자산의 처분,-,제 69 기,16467000000,,제 68 기,,,,,제 67 기,,17
94,2.01904E+13,11011,2018,164478,CF,현금흐름표,-표준계정코드 미사용-,투자부동산의 처분,-,제 69 기,31802000000,,제 68 기,16036000000,,,,제 67 기,339000000,18
95,2.01904E+13,11011,2018,164478,CF,현금흐름표,-표준계정코드 미사용-,유형자산의 처분,-,제 69 기,9772000000,,제 68 기,6810000000,,,,제 67 기,1505000000,19
96,2.01904E+13,11011,2018,164478,CF,현금흐름표,-표준계정코드 미사용-,무형자산의 처분,-,제 69 기,,,제 68 기,1030000000,,,,제 67 기,2000000000,20
97,2.01904E+13,11011,2018,164478,CF,현금흐름표,-표준계정코드 미사용-,투자활동으로 인한 현금유출액,-,제 69 기,-4.15957E+11,,제 68 기,-3.39808E+11,,,,제 67 기,-5.6481E+11,21
98,2.01904E+13,11011,2018,164478,CF,현금흐름표,-표준계정코드 미사용-,단기금융상품의 증가,-,제 69 기,-57163000000,,제 68 기,-30092000000,,,,제 67 기,,22
99,2.01904E+13,11011,2018,164478,CF,현금흐름표,-표준계정코드 미사용-,기타채권의 증가,-,제 69 기,-50693000000,,제 68 기,-75553000000,,,,제 67 기,-32803000000,23
100,2.01904E+13,11011,2018,164478,CF,현금흐름표,-표준계정코드 미사용-,장기금융상품의 증가,-,제 69 기,-2056000000,,제 68 기,,,,,제 67 기,-1.00044E+11,24
101,2.01904E+13,11011,2018,164478,CF,현금흐름표,-표준계정코드 미사용-,장기성기타채권의 증가,-,제 69 기,-1.23393E+11,,제 68 기,-1.17222E+11,,,,제 67 기,-37089000000,25
102,2.01904E+13,11011,2018,164478,CF,현금흐름표,-표준계정코드 미사용-,매도가능금융자산의 취득,-,제 69 기,,,제 68 기,-13985000000,,,,제 67 기,-24320000000,26
103,2.01904E+13,11011,2018,164478,CF,현금흐름표,-표준계정코드 미사용-,만기보유금융자산의 취득,-,제 69 기,,,제 68 기,-77158000000,,,,제 67 기,-2.53477E+11,27
104,2.01904E+13,11011,2018,164478,CF,현금흐름표,-표준계정코드 미사용-,기타포괄손익-공정가치 측정 금융자산의 취득,-,제 69 기,-1000000,,제 68 기,,,,,제 67 기,,28
105,2.01904E+13,11011,2018,164478,CF,현금흐름표,-표준계정코드 미사용-,당기손익-공정가치 측정 금융자산의 취득,-,제 69 기,-58985000000,,제 68 기,,,,,제 67 기,,29
106,2.01904E+13,11011,2018,164478,CF,현금흐름표,-표준계정코드 미사용-,상각후 원가 측정 금융자산의 취득,-,제 69 기,-20019000000,,제 68 기,,,,,제 67 기,,30
107,2.01904E+13,11011,2018,164478,CF,현금흐름표,-표준계정코드 미사용-,"종속기업,공동기업및관계기업투자자산의 취득",-,제 69 기,-75356000000,,제 68 기,-193000000,,,,제 67 기,-22771000000,31
108,2.01904E+13,11011,2018,164478,CF,현금흐름표,-표준계정코드 미사용-,투자부동산의 취득,-,제 69 기,,,제 68 기,,,,,제 67 기,-139000000,32
109,2.01904E+13,11011,2018,164478,CF,현금흐름표,-표준계정코드 미사용-,유형자산의 취득,-,제 69 기,-28263000000,,제 68 기,-24378000000,,,,제 67 기,-93128000000,33
110,2.01904E+13,11011,2018,164478,CF,현금흐름표,-표준계정코드 미사용-,무형자산의 취득,-,제 69 기,-28000000,,제 68 기,-1227000000,,,,제 67 기,-1039000000,34
111,2.01904E+13,11011,2018,164478,CF,현금흐름표,ifrs_CashFlowsFromUsedInFinancingActivities,재무활동으로 인한 현금흐름,-,제 69 기,39433000000,,제 68 기,-3.25846E+11,,,,제 67 기,-1.33159E+11,35
112,2.01904E+13,11011,2018,164478,CF,현금흐름표,-표준계정코드 미사용-,재무활동으로 인한 현금유입액,-,제 69 기,3.9392E+11,,제 68 기,6.52468E+11,,,,제 67 기,5.88935E+11,36
113,2.01904E+13,11011,2018,164478,CF,현금흐름표,-표준계정코드 미사용-,단기차입금의 차입,-,제 69 기,93920000000,,제 68 기,6.52468E+11,,,,제 67 기,3.89811E+11,37
114,2.01904E+13,11011,2018,164478,CF,현금흐름표,-표준계정코드 미사용-,사채의 발행,-,제 69 기,3E+11,,제 68 기,,,,,제 67 기,1.99124E+11,38
115,2.01904E+13,11011,2018,164478,CF,현금흐름표,-표준계정코드 미사용-,재무활동으로 인한 현금유출액,-,제 69 기,-3.54487E+11,,제 68 기,-9.78314E+11,,,,제 67 기,-7.22094E+11,39
116,2.01904E+13,11011,2018,164478,CF,현금흐름표,-표준계정코드 미사용-,단기차입금의 상환,-,제 69 기,-1.07034E+11,,제 68 기,-6.22131E+11,,,,제 67 기,-4.55911E+11,40
117,2.01904E+13,11011,2018,164478,CF,현금흐름표,-표준계정코드 미사용-,유동성장기부채의 상환,-,제 69 기,-1.90451E+11,,제 68 기,-3.00451E+11,,,,제 67 기,-2.10451E+11,41
118,2.01904E+13,11011,2018,164478,CF,현금흐름표,-표준계정코드 미사용-,사채발행비용,-,제 69 기,-1270000000,,제 68 기,,,,,제 67 기,,42
119,2.01904E+13,11011,2018,164478,CF,현금흐름표,-표준계정코드 미사용-,배당금의 지급,-,제 69 기,-55732000000,,제 68 기,-55732000000,,,,제 67 기,-55732000000,43
120,2.01904E+13,11011,2018,164478,CF,현금흐름표,ifrs_IncreaseDecreaseInCashAndCashEquivalentsBeforeEffectOfExchangeRateChanges,현금및현금성자산의 증가,-,제 69 기,3.13453E+11,,제 68 기,-18960000000,,,,제 67 기,2.75103E+11,44
121,2.01904E+13,11011,2018,164478,CF,현금흐름표,dart_CashAndCashEquivalentsAtBeginningOfPeriodCf,기초현금및현금성자산,-,제 69 기,1.23144E+12,,제 68 기,1.37471E+12,,,,제 67 기,1.08911E+12,45
122,2.01904E+13,11011,2018,164478,CF,현금흐름표,ifrs_EffectOfExchangeRateChangesOnCashAndCashEquivalents,현금및현금성자산에 대한 환율변동효과,-,제 69 기,9612000000,,제 68 기,-1.24303E+11,,,,제 67 기,10492000000,46
123,2.01904E+13,11011,2018,164478,CF,현금흐름표,dart_CashAndCashEquivalentsAtEndOfPeriodCf,기말현금및현금성자산,-,제 69 기,1.55451E+12,,제 68 기,1.23144E+12,,,,제 67 기,1.37471E+12,47
124,2.01904E+13,11011,2018,164478,SCE,자본변동표,dart_EquityAtBeginningOfPeriod,기초자본,별도재무제표 [member],제 69 기,5.52992E+12,,제 68 기,5.46584E+12,,,,제 67 기,5.12758E+12,1
125,2.01904E+13,11011,2018,164478,SCE,자본변동표,dart_EquityAtBeginningOfPeriod,기초자본,자본 [member]|기타불입자본,제 69 기,8.28181E+11,,제 68 기,8.28181E+11,,,,제 67 기,8.28181E+11,1
126,2.01904E+13,11011,2018,164478,SCE,자본변동표,dart_EquityAtBeginningOfPeriod,기초자본,자본 [member]|기타자본구성요소 [member],제 69 기,22466000000,,제 68 기,91268000000,,,,제 67 기,37300000000,1
127,2.01904E+13,11011,2018,164478,SCE,자본변동표,dart_EquityAtBeginningOfPeriod,기초자본,자본 [member]|이익잉여금 [member],제 69 기,4.122E+12,,제 68 기,3.98912E+12,,,,제 67 기,3.70482E+12,1
128,2.01904E+13,11011,2018,164478,SCE,자본변동표,dart_EquityAtBeginningOfPeriod,기초자본,자본 [member]|자본금 [member],제 69 기,5.57273E+11,,제 68 기,5.57273E+11,,,,제 67 기,5.57273E+11,1
129,2.01904E+13,11011,2018,164478,SCE,자본변동표,ifrs_IncreaseDecreaseThroughChangesInAccountingPolicies,회계정책의 변경효과,별도재무제표 [member],제 69 기,-2.71866E+11,,제 68 기,,,,,제 67 기,,2
130,2.01904E+13,11011,2018,164478,SCE,자본변동표,ifrs_IncreaseDecreaseThroughChangesInAccountingPolicies,회계정책의 변경효과,자본 [member]|기타자본구성요소 [member],제 69 기,-1.87973E+11,,제 68 기,,,,,제 67 기,,2
131,2.01904E+13,11011,2018,164478,SCE,자본변동표,ifrs_IncreaseDecreaseThroughChangesInAccountingPolicies,회계정책의 변경효과,자본 [member]|이익잉여금 [member],제 69 기,-83893000000,,제 68 기,,,,,제 67 기,,2
132,2.01904E+13,11011,2018,164478,SCE,자본변동표,ifrs_DividendsPaid,배당금의 지급,별도재무제표 [member],제 69 기,55732000000,,제 68 기,55732000000,,,,제 67 기,55732000000,3
133,2.01904E+13,11011,2018,164478,SCE,자본변동표,ifrs_DividendsPaid,배당금의 지급,자본 [member]|이익잉여금 [member],제 69 기,55732000000,,제 68 기,55732000000,,,,제 67 기,55732000000,3
134,2.01904E+13,11011,2018,164478,SCE,자본변동표,ifrs_ProfitLoss,당기순이익,별도재무제표 [member],제 69 기,2.3341E+11,,제 68 기,1.48864E+11,,,,제 67 기,3.23133E+11,4
135,2.01904E+13,11011,2018,164478,SCE,자본변동표,ifrs_ProfitLoss,당기순이익,자본 [member]|이익잉여금 [member],제 69 기,2.3341E+11,,제 68 기,1.48864E+11,,,,제 67 기,3.23133E+11,4
136,2.01904E+13,11011,2018,164478,SCE,자본변동표,-표준계정코드 미사용-,매도가능금융자산평가손익,별도재무제표 [member],제 69 기,,,제 68 기,750000000,,,,제 67 기,608000000,5
137,2.01904E+13,11011,2018,164478,SCE,자본변동표,-표준계정코드 미사용-,매도가능금융자산평가손익,자본 [member]|기타자본구성요소 [member],제 69 기,,,제 68 기,750000000,,,,제 67 기,608000000,5
138,2.01904E+13,11011,2018,164478,SCE,자본변동표,dart_ChangesInReserveOfGainsAndLossesOnFinancialAssetsMeasuredAtFairValueThroughOtherComprehensiveIncome,기타포괄손익-공정가치 측정 금융자산 평가손익,별도재무제표 [member],제 69 기,-3256000000,,제 68 기,,,,,제 67 기,,6
139,2.01904E+13,11011,2018,164478,SCE,자본변동표,dart_ChangesInReserveOfGainsAndLossesOnFinancialAssetsMeasuredAtFairValueThroughOtherComprehensiveIncome,기타포괄손익-공정가치 측정 금융자산 평가손익,자본 [member]|기타자본구성요소 [member],제 69 기,-3431000000,,제 68 기,,,,,제 67 기,,6
140,2.01904E+13,11011,2018,164478,SCE,자본변동표,dart_ChangesInReserveOfGainsAndLossesOnFinancialAssetsMeasuredAtFairValueThroughOtherComprehensiveIncome,기타포괄손익-공정가치 측정 금융자산 평가손익,자본 [member]|이익잉여금 [member],제 69 기,175000000,,제 68 기,,,,,제 67 기,,6
141,2.01904E+13,11011,2018,164478,SCE,자본변동표,-표준계정코드 미사용-,해외사업환산손익,별도재무제표 [member],제 69 기,-1.18621E+11,,제 68 기,-69552000000,,,,제 67 기,53360000000,7
142,2.01904E+13,11011,2018,164478,SCE,자본변동표,-표준계정코드 미사용-,해외사업환산손익,자본 [member]|기타자본구성요소 [member],제 69 기,-1.18621E+11,,제 68 기,-69552000000,,,,제 67 기,53360000000,7
143,2.01904E+13,11011,2018,164478,SCE,자본변동표,-표준계정코드 미사용-,확정급여제도의 재측정요소,별도재무제표 [member],제 69 기,-1830000000,,제 68 기,39746000000,,,,제 67 기,16894000000,8
144,2.01904E+13,11011,2018,164478,SCE,자본변동표,-표준계정코드 미사용-,확정급여제도의 재측정요소,자본 [member]|이익잉여금 [member],제 69 기,-1830000000,,제 68 기,39746000000,,,,제 67 기,16894000000,8
145,2.01904E+13,11011,2018,164478,SCE,자본변동표,-표준계정코드 미사용-,합병으로 인한 자본변동,별도재무제표 [member],제 69 기,438000000,,제 68 기,,,,,제 67 기,,9
146,2.01904E+13,11011,2018,164478,SCE,자본변동표,-표준계정코드 미사용-,합병으로 인한 자본변동,자본 [member]|기타불입자본,제 69 기,438000000,,제 68 기,,,,,제 67 기,,9
147,2.01904E+13,11011,2018,164478,SCE,자본변동표,ifrs_ChangesInEquity,자본 증가(감소) 합계,별도재무제표 [member],제 69 기,-2.17457E+11,,제 68 기,64076000000,,,,제 67 기,3.38263E+11,10
148,2.01904E+13,11011,2018,164478,SCE,자본변동표,ifrs_ChangesInEquity,자본 증가(감소) 합계,자본 [member]|기타불입자본,제 69 기,438000000,,제 68 기,,,,,제 67 기,,10
149,2.01904E+13,11011,2018,164478,SCE,자본변동표,ifrs_ChangesInEquity,자본 증가(감소) 합계,자본 [member]|기타자본구성요소 [member],제 69 기,-3.10025E+11,,제 68 기,-68802000000,,,,제 67 기,53968000000,10
150,2.01904E+13,11011,2018,164478,SCE,자본변동표,ifrs_ChangesInEquity,자본 증가(감소) 합계,자본 [member]|이익잉여금 [member],제 69 기,92130000000,,제 68 기,1.32878E+11,,,,제 67 기,2.84295E+11,10
151,2.01904E+13,11011,2018,164478,SCE,자본변동표,ifrs_Equity,기말자본,별도재무제표 [member],제 69 기,5.31246E+12,,제 68 기,5.52992E+12,,,,제 67 기,5.46584E+12,11
152,2.01904E+13,11011,2018,164478,SCE,자본변동표,ifrs_Equity,기말자본,자본 [member]|기타불입자본,제 69 기,8.28619E+11,,제 68 기,8.28181E+11,,,,제 67 기,8.28181E+11,11
153,2.01904E+13,11011,2018,164478,SCE,자본변동표,ifrs_Equity,기말자본,자본 [member]|기타자본구성요소 [member],제 69 기,-2.87559E+11,,제 68 기,22466000000,,,,제 67 기,91268000000,11
154,2.01904E+13,11011,2018,164478,SCE,자본변동표,ifrs_Equity,기말자본,자본 [member]|이익잉여금 [member],제 69 기,4.21413E+12,,제 68 기,4.122E+12,,,,제 67 기,3.98912E+12,11
155,2.01904E+13,11011,2018,164478,SCE,자본변동표,ifrs_Equity,기말자본,자본 [member]|자본금 [member],제 69 기,5.57273E+11,,제 68 기,5.57273E+11,,,,제 67 기,5.57273E+11,11
0,2.02003E+13,11011,2019,164478,BS,재무상태표,ifrs-full_CurrentAssets,유동자산,-,제 70 기,7.45185E+12,,제 69 기,7.74735E+12,,,,제 68 기,8.01501E+12,1
1,2.02003E+13,11011,2019,164478,BS,재무상태표,ifrs-full_CashAndCashEquivalents,현금및현금성자산,-,제 70 기,1.15373E+12,,제 69 기,1.55451E+12,,,,제 68 기,1.23144E+12,2
2,2.02003E+13,11011,2019,164478,BS,재무상태표,dart_ShortTermDepositsNotClassifiedAsCashEquivalents,단기금융상품,-,제 70 기,4.50096E+11,,제 69 기,57256000000,,,,제 68 기,1.30092E+11,3
3,2.02003E+13,11011,2019,164478,BS,재무상태표,dart_ShortTermTradeReceivable,매출채권,-,제 70 기,1.02697E+12,,제 69 기,1.1651E+12,,,,제 68 기,8.78876E+11,4
4,2.02003E+13,11011,2019,164478,BS,재무상태표,ifrs-full_TradeAndOtherCurrentReceivables,기타채권,-,제 70 기,1.5404E+12,,제 69 기,1.28902E+12,,,,제 68 기,1.45174E+12,5
5,2.02003E+13,11011,2019,164478,BS,재무상태표,dart_ShortTermDueFromCustomersForContractWork,미청구공사,-,제 70 기,1.76128E+12,,제 69 기,1.80299E+12,,,,제 68 기,2.12049E+12,6
6,2.02003E+13,11011,2019,164478,BS,재무상태표,dart_CurrentFinancialAssetsHeldToMaturity,만기보유금융자산,-,제 70 기,,,제 69 기,,,,,제 68 기,14661000000,7
7,2.02003E+13,11011,2019,164478,BS,재무상태표,ifrs-full_CurrentFinancialAssetsAtAmortisedCost,상각후원가 측정 금융자산,-,제 70 기,3280000000,,제 69 기,6650000000,,,,제 68 기,,8
8,2.02003E+13,11011,2019,164478,BS,재무상태표,ifrs-full_Inventories,재고자산,-,제 70 기,9.98289E+11,,제 69 기,1.28922E+12,,,,제 68 기,1.33048E+12,9
9,2.02003E+13,11011,2019,164478,BS,재무상태표,dart_OtherCurrentAssets,기타유동자산,-,제 70 기,5.17821E+11,,제 69 기,5.82602E+11,,,,제 68 기,8.57228E+11,10
10,2.02003E+13,11011,2019,164478,BS,재무상태표,ifrs-full_NoncurrentAssets,비유동자산,-,제 70 기,3.85107E+12,,제 69 기,3.54052E+12,,,,제 68 기,3.50227E+12,11
11,2.02003E+13,11011,2019,164478,BS,재무상태표,dart_LongTermDepositsNotClassifiedAsCashEquivalents,장기금융상품,-,제 70 기,2918000000,,제 69 기,3190000000,,,,제 68 기,25696000000,12
12,2.02003E+13,11011,2019,164478,BS,재무상태표,dart_LongTermTradeReceivablesGross,장기미수채권,-,제 70 기,3.55599E+11,,제 69 기,3.65802E+11,,,,제 68 기,3.54617E+11,13
13,2.02003E+13,11011,2019,164478,BS,재무상태표,dart_LongTermTradeAndOtherNonCurrentReceivablesGross,장기성기타채권,-,제 70 기,6.58069E+11,,제 69 기,4.27426E+11,,,,제 68 기,4.6682E+11,14
14,2.02003E+13,11011,2019,164478,BS,재무상태표,dart_NonCurrentAvailableForSaleFinancialAssets,매도가능금융자산,-,제 70 기,,,제 69 기,,,,,제 68 기,2.2545E+11,15
15,2.02003E+13,11011,2019,164478,BS,재무상태표,dart_NonCurrentFinancialAssetsHeldToMaturity,만기보유금융자산,-,제 70 기,,,제 69 기,,,,,제 68 기,25731000000,16
16,2.02003E+13,11011,2019,164478,BS,재무상태표,ifrs-full_NoncurrentFinancialAssetsMeasuredAtFairValueThroughOtherComprehensiveIncome,기타포괄손익-공정가치 측정 금융자산,-,제 70 기,33330000000,,제 69 기,49737000000,,,,제 68 기,,17
17,2.02003E+13,11011,2019,164478,BS,재무상태표,ifrs-full_NoncurrentFinancialAssetsAtFairValueThroughProfitOrLossDesignatedUponInitialRecognition,당기손익-공정가치 측정 지정 금융자산,-,제 70 기,2.48426E+11,,제 69 기,2.65288E+11,,,,제 68 기,,18
18,2.02003E+13,11011,2019,164478,BS,재무상태표,ifrs-full_NoncurrentFinancialAssetsAtAmortisedCost,상각후원가 측정 금융자산,-,제 70 기,35709000000,,제 69 기,37294000000,,,,제 68 기,,19
19,2.02003E+13,11011,2019,164478,BS,재무상태표,ifrs-full_InvestmentsInSubsidiariesJointVenturesAndAssociates,"종속기업, 공동기업 및 관계기업 투자자산",-,제 70 기,1.40127E+12,,제 69 기,1.40612E+12,,,,제 68 기,1.37925E+12,20
20,2.02003E+13,11011,2019,164478,BS,재무상태표,ifrs-full_InvestmentProperty,투자부동산,-,제 70 기,3.78002E+11,,제 69 기,3.92267E+11,,,,제 68 기,4.01385E+11,21
21,2.02003E+13,11011,2019,164478,BS,재무상태표,ifrs-full_PropertyPlantAndEquipment,유형자산,-,제 70 기,3.22912E+11,,제 69 기,3.23037E+11,,,,제 68 기,3.68486E+11,22
22,2.02003E+13,11011,2019,164478,BS,재무상태표,ifrs-full_RightofuseAssets,사용권자산,-,제 70 기,1.0787E+11,,제 69 기,,,,,제 68 기,,23
23,2.02003E+13,11011,2019,164478,BS,재무상태표,ifrs-full_IntangibleAssetsOtherThanGoodwill,무형자산,-,제 70 기,28522000000,,제 69 기,28552000000,,,,제 68 기,28684000000,24
24,2.02003E+13,11011,2019,164478,BS,재무상태표,ifrs-full_DeferredTaxAssets,이연법인세자산,-,제 70 기,1.4771E+11,,제 69 기,1.24518E+11,,,,제 68 기,1.27592E+11,25
25,2.02003E+13,11011,2019,164478,BS,재무상태표,dart_OtherNonCurrentAssets,기타비유동자산,-,제 70 기,1.3073E+11,,제 69 기,1.17291E+11,,,,제 68 기,98564000000,26
26,2.02003E+13,11011,2019,164478,BS,재무상태표,ifrs-full_Assets,자산총계,-,제 70 기,1.13029E+13,,제 69 기,1.12879E+13,,,,제 68 기,1.15173E+13,27
27,2.02003E+13,11011,2019,164478,BS,재무상태표,ifrs-full_CurrentLiabilities,유동부채,-,제 70 기,3.79227E+12,,제 69 기,4.14625E+12,,,,제 68 기,4.27587E+12,29
28,2.02003E+13,11011,2019,164478,BS,재무상태표,dart_ShortTermTradePayables,매입채무,-,제 70 기,8.81029E+11,,제 69 기,1.1737E+12,,,,제 68 기,1.29921E+12,30
29,2.02003E+13,11011,2019,164478,BS,재무상태표,ifrs-full_TradeAndOtherCurrentPayables,기타채무,-,제 70 기,7.02809E+11,,제 69 기,1.04735E+12,,,,제 68 기,7.74167E+11,31
30,2.02003E+13,11011,2019,164478,BS,재무상태표,dart_AdvancesOnConstructionContracts,공사 및 분양선수금,-,제 70 기,4.66954E+11,,제 69 기,7.60116E+11,,,,제 68 기,8.05757E+11,32
31,2.02003E+13,11011,2019,164478,BS,재무상태표,dart_ShortTermDueToCustomersForContractWork,초과청구공사,-,제 70 기,1.18616E+12,,제 69 기,8.31708E+11,,,,제 68 기,1.00458E+12,33
32,2.02003E+13,11011,2019,164478,BS,재무상태표,ifrs-full_ShorttermBorrowings,단기차입금,-,제 70 기,67469000000,,제 69 기,62457000000,,,,제 68 기,75724000000,34
33,2.02003E+13,11011,2019,164478,BS,재무상태표,dart_CurrentPortionOfBonds,유동성장기부채,-,제 70 기,2.50399E+11,,제 69 기,2.00417E+11,,,,제 68 기,1.9036E+11,35
34,2.02003E+13,11011,2019,164478,BS,재무상태표,dart_CurrentDerivativeLiabilities,파생상품부채,-,제 70 기,,,제 69 기,,,,,제 68 기,122000000,36
35,2.02003E+13,11011,2019,164478,BS,재무상태표,ifrs-full_CurrentTaxLiabilities,법인세부채,-,제 70 기,51333000000,,제 69 기,,,,,제 68 기,77295000000,37
36,2.02003E+13,11011,2019,164478,BS,재무상태표,ifrs-full_CurrentProvisions,유동성충당부채,-,제 70 기,82393000000,,제 69 기,6856000000,,,,제 68 기,,38
37,2.02003E+13,11011,2019,164478,BS,재무상태표,-표준계정코드 미사용-,기타금융부채,-,제 70 기,14563000000,,제 69 기,13773000000,,,,제 68 기,10218000000,39
38,2.02003E+13,11011,2019,164478,BS,재무상태표,ifrs-full_CurrentLeaseLiabilities,유동성리스부채,-,제 70 기,57380000000,,제 69 기,,,,,제 68 기,,40
39,2.02003E+13,11011,2019,164478,BS,재무상태표,dart_OtherCurrentLiabilities,기타유동부채,-,제 70 기,31776000000,,제 69 기,49882000000,,,,제 68 기,38445000000,41
40,2.02003E+13,11011,2019,164478,BS,재무상태표,ifrs-full_NoncurrentLiabilities,비유동부채,-,제 70 기,1.92485E+12,,제 69 기,1.82916E+12,,,,제 68 기,1.71149E+12,42
41,2.02003E+13,11011,2019,164478,BS,재무상태표,dart_LongTermTradeAndOtherNonCurrentPayables,장기기타채무,-,제 70 기,3.16575E+11,,제 69 기,3.0378E+11,,,,제 68 기,3.21876E+11,43
42,2.02003E+13,11011,2019,164478,BS,재무상태표,dart_BondsIssued,사채,-,제 70 기,1.14757E+12,,제 69 기,1.09773E+12,,,,제 68 기,9.98044E+11,44
43,2.02003E+13,11011,2019,164478,BS,재무상태표,dart_LongTermBorrowingsGross,장기차입금,-,제 70 기,6955000000,,제 69 기,7139000000,,,,제 68 기,7317000000,45
44,2.02003E+13,11011,2019,164478,BS,재무상태표,dart_PostemploymentBenefitObligations,순확정급여부채,-,제 70 기,5291000000,,제 69 기,1517000000,,,,제 68 기,,46
45,2.02003E+13,11011,2019,164478,BS,재무상태표,ifrs-full_NoncurrentProvisionsForEmployeeBenefits,장기종업원급여충당부채,-,제 70 기,15919000000,,제 69 기,12295000000,,,,제 68 기,11469000000,47
46,2.02003E+13,11011,2019,164478,BS,재무상태표,ifrs-full_NoncurrentProvisions,충당부채,-,제 70 기,2.74159E+11,,제 69 기,3.08361E+11,,,,제 68 기,2.88034E+11,48
47,2.02003E+13,11011,2019,164478,BS,재무상태표,ifrs-full_OtherNoncurrentFinancialLiabilities,기타금융부채,-,제 70 기,96196000000,,제 69 기,84947000000,,,,제 68 기,74087000000,49
48,2.02003E+13,11011,2019,164478,BS,재무상태표,ifrs-full_NoncurrentLeaseLiabilities,리스부채,-,제 70 기,52198000000,,제 69 기,,,,,제 68 기,,50
49,2.02003E+13,11011,2019,164478,BS,재무상태표,dart_OtherNonCurrentLiabilities,기타비유동부채,-,제 70 기,9988000000,,제 69 기,13386000000,,,,제 68 기,10662000000,51
50,2.02003E+13,11011,2019,164478,BS,재무상태표,ifrs-full_Liabilities,부채총계,-,제 70 기,5.71711E+12,,제 69 기,5.97541E+12,,,,제 68 기,5.98736E+12,52
51,2.02003E+13,11011,2019,164478,BS,재무상태표,ifrs-full_IssuedCapital,자본금,-,제 70 기,5.57273E+11,,제 69 기,5.57273E+11,,,,제 68 기,5.57273E+11,54
52,2.02003E+13,11011,2019,164478,BS,재무상태표,dart_CapitalSurplus,기타불입자본,-,제 70 기,8.28619E+11,,제 69 기,8.28619E+11,,,,제 68 기,8.28181E+11,55
53,2.02003E+13,11011,2019,164478,BS,재무상태표,dart_ElementsOfOtherStockholdersEquity,기타자본구성요소,-,제 70 기,-2.20445E+11,,제 69 기,-2.87559E+11,,,,제 68 기,22466000000,56
54,2.02003E+13,11011,2019,164478,BS,재무상태표,ifrs-full_RetainedEarnings,이익잉여금,-,제 70 기,4.42036E+12,,제 69 기,4.21413E+12,,,,제 68 기,4.122E+12,57
55,2.02003E+13,11011,2019,164478,BS,재무상태표,ifrs-full_Equity,자본총계,-,제 70 기,5.58581E+12,,제 69 기,5.31246E+12,,,,제 68 기,5.52992E+12,58
56,2.02003E+13,11011,2019,164478,BS,재무상태표,ifrs-full_EquityAndLiabilities,자본과부채총계,-,제 70 기,1.13029E+13,,제 69 기,1.12879E+13,,,,제 68 기,1.15173E+13,59
57,2.02003E+13,11011,2019,164478,CIS,포괄손익계산서,ifrs-full_Revenue,매출액,-,제 70 기,1.00147E+13,,제 69 기,1.00161E+13,,,,제 68 기,1.0168E+13,0
58,2.02003E+13,11011,2019,164478,CIS,포괄손익계산서,ifrs-full_CostOfSales,매출원가,-,제 70 기,9.13366E+12,,제 69 기,9.26585E+12,,,,제 68 기,9.33719E+12,1
59,2.02003E+13,11011,2019,164478,CIS,포괄손익계산서,ifrs-full_GrossProfit,매출총이익,-,제 70 기,8.81E+11,,제 69 기,7.50285E+11,,,,제 68 기,8.30769E+11,2
60,2.02003E+13,11011,2019,164478,CIS,포괄손익계산서,dart_TotalSellingGeneralAdministrativeExpenses,판매비와관리비,-,제 70 기,5.10436E+11,,제 69 기,4.45362E+11,,,,제 68 기,4.11954E+11,3
61,2.02003E+13,11011,2019,164478,CIS,포괄손익계산서,dart_OperatingIncomeLoss,영업이익,-,제 70 기,3.70564E+11,,제 69 기,3.04923E+11,,,,제 68 기,4.18815E+11,4
62,2.02003E+13,11011,2019,164478,CIS,포괄손익계산서,ifrs-full_FinanceIncome,금융수익,-,제 70 기,1.2601E+11,,제 69 기,2.63774E+11,,,,제 68 기,2.2028E+11,5
63,2.02003E+13,11011,2019,164478,CIS,포괄손익계산서,ifrs-full_FinanceCosts,금융비용,-,제 70 기,1.29145E+11,,제 69 기,1.80084E+11,,,,제 68 기,2.45757E+11,6
64,2.02003E+13,11011,2019,164478,CIS,포괄손익계산서,dart_OtherGains,기타수익,-,제 70 기,1.27127E+11,,제 69 기,1.63853E+11,,,,제 68 기,2.21006E+11,7
65,2.02003E+13,11011,2019,164478,CIS,포괄손익계산서,dart_OtherLosses,기타비용,-,제 70 기,1.29635E+11,,제 69 기,2.07378E+11,,,,제 68 기,4.14599E+11,8
66,2.02003E+13,11011,2019,164478,CIS,포괄손익계산서,ifrs-full_ProfitLossBeforeTax,법인세비용차감전순이익,-,제 70 기,3.64921E+11,,제 69 기,3.45088E+11,,,,제 68 기,1.99745E+11,9
67,2.02003E+13,11011,2019,164478,CIS,포괄손익계산서,ifrs-full_IncomeTaxExpenseContinuingOperations,법인세비용,-,제 70 기,93963000000,,제 69 기,1.11678E+11,,,,제 68 기,50881000000,10
68,2.02003E+13,11011,2019,164478,CIS,포괄손익계산서,ifrs-full_ProfitLoss,당기순이익,-,제 70 기,2.70958E+11,,제 69 기,2.3341E+11,,,,제 68 기,1.48864E+11,11
69,2.02003E+13,11011,2019,164478,CIS,포괄손익계산서,ifrs-full_OtherComprehensiveIncome,법인세차감후 기타포괄이익(손실),-,제 70 기,58122000000,,제 69 기,-1.23707E+11,,,,제 68 기,-29056000000,12
70,2.02003E+13,11011,2019,164478,CIS,포괄손익계산서,dart_OtherComprehensiveIncomeThatWillNotBeReclassifiedToProfitOrLossNetOfTax,후속적으로 당기손익으로 재분류되지 않는항목,-,제 70 기,-11783000000,,제 69 기,-5086000000,,,,제 68 기,39746000000,13
71,2.02003E+13,11011,2019,164478,CIS,포괄손익계산서,dart_OtherComprehensiveIncomeNetOfTaxGainsLossesOnRemeasurementsOfDefinedBenefitPlans,확정급여제도의 재측정요소,-,제 70 기,-16806000000,,제 69 기,-1830000000,,,,제 68 기,39746000000,14
72,2.02003E+13,11011,2019,164478,CIS,포괄손익계산서,-표준계정코드 미사용-,기타포괄손익-공정가치 측정 금융자산 평가손익,-,제 70 기,5023000000,,제 69 기,-3256000000,,,,제 68 기,,15
73,2.02003E+13,11011,2019,164478,CIS,포괄손익계산서,dart_OtherComprehensiveIncomeThatWillBeReclassifiedToProfitOrLossNetOfTax,후속적으로 당기손익으로 재분류될 수 있는 항목,-,제 70 기,69905000000,,제 69 기,-1.18621E+11,,,,제 68 기,-68802000000,16
74,2.02003E+13,11011,2019,164478,CIS,포괄손익계산서,ifrs-full_GainsLossesOnRemeasuringAvailableforsaleFinancialAssetsNetOfTax,매도가능금융자산평가손익,-,제 70 기,,,제 69 기,,,,,제 68 기,750000000,17
75,2.02003E+13,11011,2019,164478,CIS,포괄손익계산서,ifrs-full_GainsLossesOnExchangeDifferencesOnTranslationNetOfTax,해외사업환산손익,-,제 70 기,69905000000,,제 69 기,-1.18621E+11,,,,제 68 기,-69552000000,18
76,2.02003E+13,11011,2019,164478,CIS,포괄손익계산서,ifrs-full_ComprehensiveIncome,총포괄손익,-,제 70 기,3.2908E+11,,제 69 기,1.09703E+11,,,,제 68 기,1.19808E+11,19
77,2.02003E+13,11011,2019,164478,CIS,포괄손익계산서,ifrs-full_BasicEarningsLossPerShare,보통주 기본주당순이익,-,제 70 기,2431,,제 69 기,2094,,,,제 68 기,1336,21
78,2.02003E+13,11011,2019,164478,CIS,포괄손익계산서,ifrs-full_DilutedEarningsLossPerShare,구형우선주 기본주당순이익,-,제 70 기,2481,,제 69 기,2144,,,,제 68 기,1386,22
79,2.02003E+13,11011,2019,164478,CF,현금흐름표,ifrs-full_CashFlowsFromUsedInOperatingActivities,영업활동현금흐름,-,제 70 기,1.59213E+11,,제 69 기,2.62581E+11,,,,제 68 기,-39106000000,0
80,2.02003E+13,11011,2019,164478,CF,현금흐름표,-표준계정코드 미사용-,영업활동으로부터 창출된 현금흐름,-,제 70 기,67349000000,,제 69 기,3.83767E+11,,,,제 68 기,6503000000,1
81,2.02003E+13,11011,2019,164478,CF,현금흐름표,ifrs-full_InterestReceivedClassifiedAsOperatingActivities,이자수취,-,제 70 기,51829000000,,제 69 기,50251000000,,,,제 68 기,54572000000,2
82,2.02003E+13,11011,2019,164478,CF,현금흐름표,ifrs-full_DividendsReceivedClassifiedAsOperatingActivities,배당금수취,-,제 70 기,1.22054E+11,,제 69 기,61163000000,,,,제 68 기,50064000000,3
83,2.02003E+13,11011,2019,164478,CF,현금흐름표,ifrs-full_InterestPaidClassifiedAsOperatingActivities,이자지급,-,제 70 기,38490000000,,제 69 기,50120000000,,,,제 68 기,49329000000,4
84,2.02003E+13,11011,2019,164478,CF,현금흐름표,ifrs-full_IncomeTaxesPaidRefundClassifiedAsOperatingActivities,법인세납부,-,제 70 기,43529000000,,제 69 기,1.8248E+11,,,,제 68 기,1.00916E+11,5
85,2.02003E+13,11011,2019,164478,CF,현금흐름표,ifrs-full_CashFlowsFromUsedInInvestingActivities,투자활동으로 인한 현금흐름,-,제 70 기,-5.50287E+11,,제 69 기,11439000000,,,,제 68 기,3.45992E+11,6
86,2.02003E+13,11011,2019,164478,CF,현금흐름표,-표준계정코드 미사용-,투자활동으로 인한 현금유입액,-,제 70 기,3.16093E+11,,제 69 기,4.27396E+11,,,,제 68 기,6.858E+11,7
87,2.02003E+13,11011,2019,164478,CF,현금흐름표,-표준계정코드 미사용-,단기금융상품의 감소,-,제 70 기,50000000000,,제 69 기,1.3E+11,,,,제 68 기,1.72751E+11,8
88,2.02003E+13,11011,2019,164478,CF,현금흐름표,-표준계정코드 미사용-,기타채권의 감소,-,제 70 기,2.02196E+11,,제 69 기,1.34035E+11,,,,제 68 기,1.26116E+11,9
89,2.02003E+13,11011,2019,164478,CF,현금흐름표,-표준계정코드 미사용-,장기금융상품의 감소,-,제 70 기,272000000,,제 69 기,24562000000,,,,제 68 기,276000000,10
90,2.02003E+13,11011,2019,164478,CF,현금흐름표,-표준계정코드 미사용-,장기성기타채권의 감소,-,제 70 기,19282000000,,제 69 기,42441000000,,,,제 68 기,17029000000,11
91,2.02003E+13,11011,2019,164478,CF,현금흐름표,-표준계정코드 미사용-,매도가능금융자산의 처분,-,제 70 기,,,제 69 기,,,,,제 68 기,8612000000,12
92,2.02003E+13,11011,2019,164478,CF,현금흐름표,-표준계정코드 미사용-,만기보유금융자산의 처분,-,제 70 기,,,제 69 기,,,,,제 68 기,3.33648E+11,13
93,2.02003E+13,11011,2019,164478,CF,현금흐름표,-표준계정코드 미사용-,"종속기업,공동기업및관계기업투자자산의 처분",-,제 70 기,3417000000,,제 69 기,53000000,,,,제 68 기,3492000000,14
94,2.02003E+13,11011,2019,164478,CF,현금흐름표,-표준계정코드 미사용-,기타포괄손익-공정가치 측정 금융자산의 처분,-,제 70 기,21963000000,,제 69 기,907000000,,,,제 68 기,,15
95,2.02003E+13,11011,2019,164478,CF,현금흐름표,-표준계정코드 미사용-,당기손익-공정가치 측정 금융자산의 처분,-,제 70 기,8242000000,,제 69 기,37357000000,,,,제 68 기,,16
96,2.02003E+13,11011,2019,164478,CF,현금흐름표,-표준계정코드 미사용-,상각후 원가 측정 금융자산의 처분,-,제 70 기,6650000000,,제 69 기,16467000000,,,,제 68 기,,17
97,2.02003E+13,11011,2019,164478,CF,현금흐름표,-표준계정코드 미사용-,유형자산의 처분,-,제 70 기,3250000000,,제 69 기,9772000000,,,,제 68 기,6810000000,18
98,2.02003E+13,11011,2019,164478,CF,현금흐름표,-표준계정코드 미사용-,무형자산의 처분,-,제 70 기,656000000,,제 69 기,,,,,제 68 기,1030000000,19
99,2.02003E+13,11011,2019,164478,CF,현금흐름표,-표준계정코드 미사용-,투자부동산의 처분,-,제 70 기,165000000,,제 69 기,31802000000,,,,제 68 기,16036000000,20
100,2.02003E+13,11011,2019,164478,CF,현금흐름표,-표준계정코드 미사용-,투자활동으로 인한 현금유출액,-,제 70 기,-8.6638E+11,,제 69 기,-4.15957E+11,,,,제 68 기,-3.39808E+11,21
101,2.02003E+13,11011,2019,164478,CF,현금흐름표,-표준계정코드 미사용-,단기금융상품의 증가,-,제 70 기,-4.4284E+11,,제 69 기,-57163000000,,,,제 68 기,-30092000000,22
102,2.02003E+13,11011,2019,164478,CF,현금흐름표,-표준계정코드 미사용-,기타채권의 증가,-,제 70 기,-47818000000,,제 69 기,-50693000000,,,,제 68 기,-75553000000,23
103,2.02003E+13,11011,2019,164478,CF,현금흐름표,-표준계정코드 미사용-,장기금융상품의 증가,-,제 70 기,,,제 69 기,-2056000000,,,,제 68 기,,24
104,2.02003E+13,11011,2019,164478,CF,현금흐름표,-표준계정코드 미사용-,장기성기타채권의 증가,-,제 70 기,-3.07314E+11,,제 69 기,-1.23393E+11,,,,제 68 기,-1.17222E+11,25
105,2.02003E+13,11011,2019,164478,CF,현금흐름표,-표준계정코드 미사용-,매도가능금융자산의 취득,-,제 70 기,,,제 69 기,,,,,제 68 기,-13985000000,26
106,2.02003E+13,11011,2019,164478,CF,현금흐름표,-표준계정코드 미사용-,만기보유금융자산의 취득,-,제 70 기,,,제 69 기,,,,,제 68 기,-77158000000,27
107,2.02003E+13,11011,2019,164478,CF,현금흐름표,-표준계정코드 미사용-,기타포괄손익-공정가치 측정 금융자산의 취득,-,제 70 기,,,제 69 기,-1000000,,,,제 68 기,,28
108,2.02003E+13,11011,2019,164478,CF,현금흐름표,-표준계정코드 미사용-,당기손익-공정가치 측정 금융자산의 취득,-,제 70 기,-12879000000,,제 69 기,-58985000000,,,,제 68 기,,29
109,2.02003E+13,11011,2019,164478,CF,현금흐름표,-표준계정코드 미사용-,상각후 원가 측정 금융자산의 취득,-,제 70 기,-1694000000,,제 69 기,-20019000000,,,,제 68 기,,30
110,2.02003E+13,11011,2019,164478,CF,현금흐름표,-표준계정코드 미사용-,"종속기업,공동기업및관계기업투자자산의 취득",-,제 70 기,-27992000000,,제 69 기,-75356000000,,,,제 68 기,-193000000,31
111,2.02003E+13,11011,2019,164478,CF,현금흐름표,-표준계정코드 미사용-,사용권자산의 취득,-,제 70 기,-891000000,,제 69 기,,,,,제 68 기,,32
112,2.02003E+13,11011,2019,164478,CF,현금흐름표,-표준계정코드 미사용-,유형자산의 취득,-,제 70 기,-24142000000,,제 69 기,-28263000000,,,,제 68 기,-24378000000,33
113,2.02003E+13,11011,2019,164478,CF,현금흐름표,-표준계정코드 미사용-,무형자산의 취득,-,제 70 기,-810000000,,제 69 기,-28000000,,,,제 68 기,-1227000000,34
114,2.02003E+13,11011,2019,164478,CF,현금흐름표,ifrs-full_CashFlowsFromUsedInFinancingActivities,재무활동으로 인한 현금흐름,-,제 70 기,-8564000000,,제 69 기,39433000000,,,,제 68 기,-3.25846E+11,35
115,2.02003E+13,11011,2019,164478,CF,현금흐름표,-표준계정코드 미사용-,재무활동으로 인한 현금유입액,-,제 70 기,3.4781E+11,,제 69 기,3.9392E+11,,,,제 68 기,6.52468E+11,36
116,2.02003E+13,11011,2019,164478,CF,현금흐름표,-표준계정코드 미사용-,단기차입금의 차입,-,제 70 기,47810000000,,제 69 기,93920000000,,,,제 68 기,6.52468E+11,37
117,2.02003E+13,11011,2019,164478,CF,현금흐름표,-표준계정코드 미사용-,사채의 발행,-,제 70 기,3E+11,,제 69 기,3E+11,,,,제 68 기,,38
118,2.02003E+13,11011,2019,164478,CF,현금흐름표,-표준계정코드 미사용-,재무활동으로 인한 현금유출액,-,제 70 기,-3.56374E+11,,제 69 기,-3.54487E+11,,,,제 68 기,-9.78314E+11,39
119,2.02003E+13,11011,2019,164478,CF,현금흐름표,-표준계정코드 미사용-,단기차입금의 상환,-,제 70 기,-42882000000,,제 69 기,-1.07034E+11,,,,제 68 기,-6.22131E+11,40
120,2.02003E+13,11011,2019,164478,CF,현금흐름표,-표준계정코드 미사용-,사채발행비용,-,제 70 기,-1282000000,,제 69 기,-1270000000,,,,제 68 기,,41
121,2.02003E+13,11011,2019,164478,CF,현금흐름표,-표준계정코드 미사용-,유동성장기부채의 상환,-,제 70 기,-2.00451E+11,,제 69 기,-1.90451E+11,,,,제 68 기,-3.00451E+11,42
122,2.02003E+13,11011,2019,164478,CF,현금흐름표,-표준계정코드 미사용-,배당금지급,-,제 70 기,-55732000000,,제 69 기,-55732000000,,,,제 68 기,-55732000000,43
123,2.02003E+13,11011,2019,164478,CF,현금흐름표,-표준계정코드 미사용-,리스부채의 상환,-,제 70 기,-56027000000,,제 69 기,,,,,제 68 기,,44
124,2.02003E+13,11011,2019,164478,CF,현금흐름표,ifrs-full_IncreaseDecreaseInCashAndCashEquivalentsBeforeEffectOfExchangeRateChanges,현금및현금성자산의 증가,-,제 70 기,-3.99638E+11,,제 69 기,3.13453E+11,,,,제 68 기,-18960000000,45
125,2.02003E+13,11011,2019,164478,CF,현금흐름표,dart_CashAndCashEquivalentsAtBeginningOfPeriodCf,기초현금및현금성자산,-,제 70 기,1.55451E+12,,제 69 기,1.23144E+12,,,,제 68 기,1.37471E+12,46
126,2.02003E+13,11011,2019,164478,CF,현금흐름표,ifrs-full_EffectOfExchangeRateChangesOnCashAndCashEquivalents,현금및현금성자산에 대한 환율변동효과,-,제 70 기,-1144000000,,제 69 기,9612000000,,,,제 68 기,-1.24303E+11,47
127,2.02003E+13,11011,2019,164478,CF,현금흐름표,dart_CashAndCashEquivalentsAtEndOfPeriodCf,기말현금및현금성자산,-,제 70 기,1.15373E+12,,제 69 기,1.55451E+12,,,,제 68 기,1.23144E+12,48
128,2.02003E+13,11011,2019,164478,SCE,자본변동표,dart_EquityAtBeginningOfPeriod,기초자본,별도재무제표 [member],제 70 기,5.31246E+12,,제 69 기,5.52992E+12,,,,제 68 기,5.46584E+12,1
129,2.02003E+13,11011,2019,164478,SCE,자본변동표,dart_EquityAtBeginningOfPeriod,기초자본,자본 [member]|기타불입자본,제 70 기,8.28619E+11,,제 69 기,8.28181E+11,,,,제 68 기,8.28181E+11,1
130,2.02003E+13,11011,2019,164478,SCE,자본변동표,dart_EquityAtBeginningOfPeriod,기초자본,자본 [member]|기타자본구성요소 [member],제 70 기,-2.87559E+11,,제 69 기,22466000000,,,,제 68 기,91268000000,1
131,2.02003E+13,11011,2019,164478,SCE,자본변동표,dart_EquityAtBeginningOfPeriod,기초자본,자본 [member]|이익잉여금 [member],제 70 기,4.21413E+12,,제 69 기,4.122E+12,,,,제 68 기,3.98912E+12,1
132,2.02003E+13,11011,2019,164478,SCE,자본변동표,dart_EquityAtBeginningOfPeriod,기초자본,자본 [member]|자본금 [member],제 70 기,5.57273E+11,,제 69 기,5.57273E+11,,,,제 68 기,5.57273E+11,1
133,2.02003E+13,11011,2019,164478,SCE,자본변동표,ifrs-full_IncreaseDecreaseThroughChangesInAccountingPolicies,회계정책변경에 따른 증가(감소),별도재무제표 [member],제 70 기,,,제 69 기,-2.71866E+11,,,,제 68 기,,2
134,2.02003E+13,11011,2019,164478,SCE,자본변동표,ifrs-full_IncreaseDecreaseThroughChangesInAccountingPolicies,회계정책변경에 따른 증가(감소),자본 [member]|기타자본구성요소 [member],제 70 기,,,제 69 기,-1.87973E+11,,,,제 68 기,,2
135,2.02003E+13,11011,2019,164478,SCE,자본변동표,ifrs-full_IncreaseDecreaseThroughChangesInAccountingPolicies,회계정책변경에 따른 증가(감소),자본 [member]|이익잉여금 [member],제 70 기,,,제 69 기,-83893000000,,,,제 68 기,,2
136,2.02003E+13,11011,2019,164478,SCE,자본변동표,ifrs-full_ProfitLoss,당기순이익,별도재무제표 [member],제 70 기,2.70958E+11,,제 69 기,2.3341E+11,,,,제 68 기,1.48864E+11,3
137,2.02003E+13,11011,2019,164478,SCE,자본변동표,ifrs-full_ProfitLoss,당기순이익,자본 [member]|이익잉여금 [member],제 70 기,2.70958E+11,,제 69 기,2.3341E+11,,,,제 68 기,1.48864E+11,3
138,2.02003E+13,11011,2019,164478,SCE,자본변동표,-표준계정코드 미사용-,확정급여제도의 재측정요소,별도재무제표 [member],제 70 기,-16806000000,,제 69 기,-1830000000,,,,제 68 기,39746000000,4
139,2.02003E+13,11011,2019,164478,SCE,자본변동표,-표준계정코드 미사용-,확정급여제도의 재측정요소,자본 [member]|이익잉여금 [member],제 70 기,-16806000000,,제 69 기,-1830000000,,,,제 68 기,39746000000,4
140,2.02003E+13,11011,2019,164478,SCE,자본변동표,dart_ChangesInReserveOfGainsAndLossesOnFinancialAssetsMeasuredAtFairValueThroughOtherComprehensiveIncome,기타포괄손익-공정가치 측정 금융자산 평가손익,별도재무제표 [member],제 70 기,5023000000,,제 69 기,-3256000000,,,,제 68 기,,5
141,2.02003E+13,11011,2019,164478,SCE,자본변동표,dart_ChangesInReserveOfGainsAndLossesOnFinancialAssetsMeasuredAtFairValueThroughOtherComprehensiveIncome,기타포괄손익-공정가치 측정 금융자산 평가손익,자본 [member]|기타자본구성요소 [member],제 70 기,-2791000000,,제 69 기,-3431000000,,,,제 68 기,,5
142,2.02003E+13,11011,2019,164478,SCE,자본변동표,dart_ChangesInReserveOfGainsAndLossesOnFinancialAssetsMeasuredAtFairValueThroughOtherComprehensiveIncome,기타포괄손익-공정가치 측정 금융자산 평가손익,자본 [member]|이익잉여금 [member],제 70 기,7814000000,,제 69 기,175000000,,,,제 68 기,,5
143,2.02003E+13,11011,2019,164478,SCE,자본변동표,-표준계정코드 미사용-,해외사업환산손익,별도재무제표 [member],제 70 기,69905000000,,제 69 기,-1.18621E+11,,,,제 68 기,-69552000000,6
144,2.02003E+13,11011,2019,164478,SCE,자본변동표,-표준계정코드 미사용-,해외사업환산손익,자본 [member]|기타자본구성요소 [member],제 70 기,69905000000,,제 69 기,-1.18621E+11,,,,제 68 기,-69552000000,6
145,2.02003E+13,11011,2019,164478,SCE,자본변동표,dart_ChangesInReserveOfGainsAndLossesFromInvestmentsInEquityInstruments,매도가능금융자산평가손익,별도재무제표 [member],제 70 기,,,제 69 기,,,,,제 68 기,750000000,7
146,2.02003E+13,11011,2019,164478,SCE,자본변동표,dart_ChangesInReserveOfGainsAndLossesFromInvestmentsInEquityInstruments,매도가능금융자산평가손익,자본 [member]|기타자본구성요소 [member],제 70 기,,,제 69 기,,,,,제 68 기,750000000,7
147,2.02003E+13,11011,2019,164478,SCE,자본변동표,ifrs-full_DividendsPaid,배당금의 지급,별도재무제표 [member],제 70 기,55732000000,,제 69 기,55732000000,,,,제 68 기,55732000000,8
148,2.02003E+13,11011,2019,164478,SCE,자본변동표,ifrs-full_DividendsPaid,배당금의 지급,자본 [member]|이익잉여금 [member],제 70 기,55732000000,,제 69 기,55732000000,,,,제 68 기,55732000000,8
149,2.02003E+13,11011,2019,164478,SCE,자본변동표,dart_IncreaseDecreaseThroughBusinessCombinations,합병으로 인한 자본변동,별도재무제표 [member],제 70 기,,,제 69 기,438000000,,,,제 68 기,,9
150,2.02003E+13,11011,2019,164478,SCE,자본변동표,dart_IncreaseDecreaseThroughBusinessCombinations,합병으로 인한 자본변동,자본 [member]|기타불입자본,제 70 기,,,제 69 기,438000000,,,,제 68 기,,9
151,2.02003E+13,11011,2019,164478,SCE,자본변동표,ifrs-full_ChangesInEquity,자본 증가(감소) 합계,별도재무제표 [member],제 70 기,2.73348E+11,,제 69 기,-2.17457E+11,,,,제 68 기,64076000000,10
152,2.02003E+13,11011,2019,164478,SCE,자본변동표,ifrs-full_ChangesInEquity,자본 증가(감소) 합계,자본 [member]|기타불입자본,제 70 기,,,제 69 기,438000000,,,,제 68 기,,10
153,2.02003E+13,11011,2019,164478,SCE,자본변동표,ifrs-full_ChangesInEquity,자본 증가(감소) 합계,자본 [member]|기타자본구성요소 [member],제 70 기,67114000000,,제 69 기,-3.10025E+11,,,,제 68 기,-68802000000,10
154,2.02003E+13,11011,2019,164478,SCE,자본변동표,ifrs-full_ChangesInEquity,자본 증가(감소) 합계,자본 [member]|이익잉여금 [member],제 70 기,2.06234E+11,,제 69 기,92130000000,,,,제 68 기,1.32878E+11,10
155,2.02003E+13,11011,2019,164478,SCE,자본변동표,ifrs-full_Equity,기말자본,별도재무제표 [member],제 70 기,5.58581E+12,,제 69 기,5.31246E+12,,,,제 68 기,5.52992E+12,11
156,2.02003E+13,11011,2019,164478,SCE,자본변동표,ifrs-full_Equity,기말자본,자본 [member]|기타불입자본,제 70 기,8.28619E+11,,제 69 기,8.28619E+11,,,,제 68 기,8.28181E+11,11
157,2.02003E+13,11011,2019,164478,SCE,자본변동표,ifrs-full_Equity,기말자본,자본 [member]|기타자본구성요소 [member],제 70 기,-2.20445E+11,,제 69 기,-2.87559E+11,,,,제 68 기,22466000000,11
158,2.02003E+13,11011,2019,164478,SCE,자본변동표,ifrs-full_Equity,기말자본,자본 [member]|이익잉여금 [member],제 70 기,4.42036E+12,,제 69 기,4.21413E+12,,,,제 68 기,4.122E+12,11
159,2.02003E+13,11011,2019,164478,SCE,자본변동표,ifrs-full_Equity,기말자본,자본 [member]|자본금 [member],제 70 기,5.57273E+11,,제 69 기,5.57273E+11,,,,제 68 기,5.57273E+11,11
